Covidence #,Study ID,Title,Reviewer Name,Title,Authors,Year of publication,Journal name,Country of study ,World Bank income classification,Data source type,Sample size — number of accidents,Study period covered by data,Geographic scope,Urban or rural setting,ML algorithm or algorithms used ,Algorithm category,Prediction task type,Training and test split method,Class imbalance addressed,Hyperparameter tuning reported,Spatial analysis method used ,Temporal resolution of analysis,Geographic unit of analysis ,Spatiotemporal framework type,Accuracy reported ,AUC or AUROC reported,F1-score reported ,Precision reported,Recall or sensitivity reported ,RMSE reported,MAE reported,Other metric and value ,Best performing algorithm in study ,Study conducted in Bangladesh,Study conducted in LMIC,Authors discuss LMIC transferability,Bangladesh relevance notes,PROBAST overall risk of bias,PROBAST Participants domain,PROBAST Predictors domain,PROBAST Outcome domain,PROBAST Analysis domain ,Author stated limitations,Key findings summary,PROBAST — Participants,PROBAST — Participants supporting text,PROBAST — Predictors,PROBAST — Predictors supporting text,PROBAST — Outcome,PROBAST — Outcome supporting text,PROBAST — Analysis,PROBAST — Analysis supporting text,PROBAST — Overall risk of bias,PROBAST — Overall risk of bias supporting text
825,A 2025,An Explainable Attention-Augmented LSTM Model for Robust Real-Time Detection of Driving Behavior Patterns and Road Anomalies in Smart Transportation Networks,Sarbajit Paul Bappy,An Explainable Attention-Augmented LSTM Model for Robust Real-Time Detection of Driving Behavior Patterns and Road Anomalies in Smart Transportation Networks,"Khandakar, A.; Michelson, D.G.; Bintay Shafi, F.; Ahamed, M.F.; Ayari, M.A.; Khan, K.; Suganthan, P.N.",2025,IEEE TRANSACTIONS ON INSTRUMENTATION AND MEASUREMENT,"Bangladesh — data collected on a 30-km route in Rajshahi, Bangladesh. Lead institution: Qatar University, Qatar.",Lower-middle income,Sensor or telematics data,"number of accidents: Not applicable — this paper does not use accident records. Dataset contains 217,374 samples for driving behavior and 102,049 samples for road anomaly detection collected from three drivers over a 30-km route",Not explicitly stated ,City level,Mixed,"ML algorithm or algorithms used: Attention-augmented LSTM (CV-Net) — two stacked LSTM layers with additive attention mechanism, batch normalisation, and dropout. Compared against: standard LSTM, HDD4DBP, FMDNet, GRIDS, GLMDriveNet",Deep learning,"Other: driving behavior classification (aggressive/standard/slow) and road anomaly detection (pothole/bump). Neither task is accident prediction, severity classification, or hotspot identification",Fixed split,No,Yes,"GPS coordinates used as one of 15 input features (speed, altitude, bearing from GNSS receiver). No GIS mapping, hotspot analysis, spatial clustering, or geographic risk zone analysis conducted. Spatial component is limited to GPS as a sensor input only — not as an analytical spatial method.",Not specified,"Route level — single 30-km driving route in Rajshahi city. No road segment-level, district-level, or city-wide spatial analysis.",Temporal only,"99.18% for driving behavior classification (calibrated data). 99.94% for road anomaly detection (calibrated data). Uncalibrated: 94.00% behavior, 94.18% anomaly.",1.00 for both driving behavior and road anomaly detection on calibrated data. AUC = 0.99 on uncalibrated data for both tasks.,"Driving behavior — average F1 = 99.00% (calibrated), 92.33% (uncalibrated). Road anomaly — average F1 = 99.94% (calibrated), 94.50% (uncalibrated).",Driving behavior — average precision = 98.66% (calibrated). Road anomaly — average precision = 99.95% (calibrated,Driving behavior — average precision = 98.66% (calibrated). Road anomaly — average precision = 99.95% (calibrated).,No,No,"Fivefold cross-validation — driving behavior: mean accuracy 99.18% ± 0.02, 95% CI [98.64, 99.20]. Road anomaly: mean accuracy 99.94% ± 0.01, 95% CI [99.92, 99.95]. P-value < 0.05 across all baseline comparisons. Inference time = 0.12 ms. MFLOPS = 4.16. External validation on UAH-DriveSet: accuracy 98.43%. External validation on Gonzalez dataset: accuracy 97.67%.",CV-Net (attention-augmented LSTM),Yes,Yes,Partially,"High Bangladesh data relevance — entire dataset collected in Rajshahi, Bangladesh. One co-author (Md. Faysal Ahamed) is affiliated with RUET, Rajshahi, Bangladesh. However relevance to your SLR is limited — the paper addresses driving behaviour monitoring and pothole/bump detection, not road accident prediction. The Rajshahi dataset and smartphone-based methodology are directly transferable to Bangladesh road safety research contexts but the prediction outcome does not align with your SLR scope.",Low risk,Low risk,Low risk,Low risk,Low risk,"Performance may degrade under extreme environmental conditions such as heavy rain, poor lighting, or low visibility not represented in current dataset
Variations in sensor placement, device orientation, and smartphone hardware may introduce calibration drift
Benefits of calibration depend on access to reliable reference data which may be constrained in large-scale field deployments
Current study is framed as offline analysis — real-time deployment on embedded platforms not yet evaluated
Three drivers only — limited diversity in driving profiles
Single city route in Rajshahi — generalisability to other geographic contexts not tested","CV-Net achieves 99.18% accuracy for driving behavior and 99.94% for road anomaly detection on calibrated data — highest among all five SOTA comparators
Calibration improves accuracy by +5.18% for driving behavior and +5.76% for road anomaly detection over uncalibrated baseline
Attention mechanism identifies orientation yaw, gravity x, and gravity y as most influential features for both tasks
Ablation study confirms stacked LSTM layers, additive attention, and batch normalisation are the three critical architectural components
Inference time of 0.12 ms and 4.16 MFLOPS confirms real-time deployment feasibility on resource-constrained devices
External validation on four independent public datasets confirms generalisation beyond Bangladesh context
Dataset collected in Rajshahi, Bangladesh is publicly available and reusable for future research",,,,,,,,,,
825,A 2025,An Explainable Attention-Augmented LSTM Model for Robust Real-Time Detection of Driving Behavior Patterns and Road Anomalies in Smart Transportation Networks,Consensus,An Explainable Attention-Augmented LSTM Model for Robust Real-Time Detection of Driving Behavior Patterns and Road Anomalies in Smart Transportation Networks,"Khandakar, A.; Michelson, D.G.; Bintay Shafi, F.; Ahamed, M.F.; Ayari, M.A.; Khan, K.; Suganthan, P.N.",2025,IEEE TRANSACTIONS ON INSTRUMENTATION AND MEASUREMENT,"Bangladesh — data collected on a 30-km route in Rajshahi, Bangladesh. Lead institution: Qatar University, Qatar.",Lower-middle income,Sensor or telematics data,"number of accidents: Not applicable — this paper does not use accident records. Dataset contains 217,374 samples for driving behavior and 102,049 samples for road anomaly detection collected from three drivers over a 30-km route",Not explicitly stated ,City level,Mixed,"ML algorithm or algorithms used: Attention-augmented LSTM (CV-Net) — two stacked LSTM layers with additive attention mechanism, batch normalisation, and dropout. Compared against: standard LSTM, HDD4DBP, FMDNet, GRIDS, GLMDriveNet",Deep learning,"Other: driving behavior classification (aggressive/standard/slow) and road anomaly detection (pothole/bump). Neither task is accident prediction, severity classification, or hotspot identification",Fixed split,No,Yes,"GPS coordinates used as one of 15 input features (speed, altitude, bearing from GNSS receiver). No GIS mapping, hotspot analysis, spatial clustering, or geographic risk zone analysis conducted. Spatial component is limited to GPS as a sensor input only — not as an analytical spatial method.",Not specified,"Route level — single 30-km driving route in Rajshahi city. No road segment-level, district-level, or city-wide spatial analysis.",Temporal only,"99.18% for driving behavior classification (calibrated data). 99.94% for road anomaly detection (calibrated data). Uncalibrated: 94.00% behavior, 94.18% anomaly.",1.00 for both driving behavior and road anomaly detection on calibrated data. AUC = 0.99 on uncalibrated data for both tasks.,"Driving behavior — average F1 = 99.00% (calibrated), 92.33% (uncalibrated). Road anomaly — average F1 = 99.94% (calibrated), 94.50% (uncalibrated).",Driving behavior — average precision = 98.66% (calibrated). Road anomaly — average precision = 99.95% (calibrated,Driving behavior — average precision = 98.66% (calibrated). Road anomaly — average precision = 99.95% (calibrated).,No,No,"Fivefold cross-validation — driving behavior: mean accuracy 99.18% ± 0.02, 95% CI [98.64, 99.20]. Road anomaly: mean accuracy 99.94% ± 0.01, 95% CI [99.92, 99.95]. P-value < 0.05 across all baseline comparisons. Inference time = 0.12 ms. MFLOPS = 4.16. External validation on UAH-DriveSet: accuracy 98.43%. External validation on Gonzalez dataset: accuracy 97.67%.",CV-Net (attention-augmented LSTM),Yes,Yes,Partially,"High Bangladesh data relevance — entire dataset collected in Rajshahi, Bangladesh. One co-author (Md. Faysal Ahamed) is affiliated with RUET, Rajshahi, Bangladesh. However relevance to your SLR is limited — the paper addresses driving behaviour monitoring and pothole/bump detection, not road accident prediction. The Rajshahi dataset and smartphone-based methodology are directly transferable to Bangladesh road safety research contexts but the prediction outcome does not align with your SLR scope.",Low risk,Low risk,Low risk,Low risk,Low risk,"Performance may degrade under extreme environmental conditions such as heavy rain, poor lighting, or low visibility not represented in current dataset
Variations in sensor placement, device orientation, and smartphone hardware may introduce calibration drift
Benefits of calibration depend on access to reliable reference data which may be constrained in large-scale field deployments
Current study is framed as offline analysis — real-time deployment on embedded platforms not yet evaluated
Three drivers only — limited diversity in driving profiles
Single city route in Rajshahi — generalisability to other geographic contexts not tested","CV-Net achieves 99.18% accuracy for driving behavior and 99.94% for road anomaly detection on calibrated data — highest among all five SOTA comparators
Calibration improves accuracy by +5.18% for driving behavior and +5.76% for road anomaly detection over uncalibrated baseline
Attention mechanism identifies orientation yaw, gravity x, and gravity y as most influential features for both tasks
Ablation study confirms stacked LSTM layers, additive attention, and batch normalisation are the three critical architectural components
Inference time of 0.12 ms and 4.16 MFLOPS confirms real-time deployment feasibility on resource-constrained devices
External validation on four independent public datasets confirms generalisation beyond Bangladesh context
Dataset collected in Rajshahi, Bangladesh is publicly available and reusable for future research",,,,,,,,,,
808,A 2024,"Automatic Accident Detection, Segmentation and Duration Prediction Using Machine Learning",Sarbajit Paul Bappy,"Automatic Accident Detection, Segmentation and
Duration Prediction Using Machine Learning",Grigorev et al. ,2024,"IEEE TRANSACTIONS ON INTELLIGENT TRANSPORTATION SYSTEMS,",United States (San Francisco dataset),High income,Sensor or telematics data,"number of accidents: CTADS dataset used, specific accident count not reported",Not specified,City level,Urban,"Distance metric-based disruption segmentation algorithm using Chebyshev metric (selected as best performing from: Bray-Curtis, Canberra, Chebyshev, Manhattan, Correlation, Cosine, Euclidean, Minkowski). Multiple ML models used for incident prediction accuracy improvement — specific model names not fully detailed",Traditional ML,Mixed,Not reported,Not reported,Yes,OpenStreetMap (OSM) geospatial road data integration. CTADS2VDS algorithm used to associate geospatial incident locations with traffic sensor points. Geographic area filtering applied. Road data converted to point data and aligned with incident locations.,Daily,Road segment level — individual road points mapped via OSM and aligned with PeMS detector locations in San Francisco,Combined spatiotemporal,Not reported,"ROC curves presented in Figures 15, 16, 17 for all accidents and individual accident cases — specific AUC numerical values not stated",0.62 — achieved after hyperparameter optimisation with Chebyshev metric (improved from baseline of 0.52). Multiple interval comparison F1 = 0.62.,Not reported,Not reported — sensitivity-specificity trade-off discussed conceptually but no numerical values given,Not applicable,Not applicable,"Pearson correlation between model parameters and F1 score — threshold: -0.55, shift: +0.49, selectivity: -0.32",Chebyshev distance metric — selected as best performing from eight candidate metrics via hyperparameter search,No,No,Partially,"Limited direct relevance. The toolkit's modular design and stated multi-country ambition is noteworthy — authors acknowledge data availability as the key barrier to applying this approach elsewhere, which directly describes the Bangladesh and LMIC situation. The two-week temporal window approach and OSM-based spatial association could theoretically be adapted for Dhaka using available PeMS-equivalent sensor data, but no such data currently exists at scale in Bangladesh.",Unclear risk,Low risk,Low risk,Unclear risk,Unclear risk,"Applied only to San Francisco dataset due to public availability — not tested on other countries or regions
Scalability challenges in larger urban networks — data retrieval is a bottleneck
Interoperability issues when using alternative data formats beyond OSM and CTADS
Reported accident times contain errors — start time, location, and duration reporting inconsistencies affect ground truth quality
Lack of synchronised traffic state and accident log data across countries limits global application
Cascading effect of secondary incidents not yet modelled","Chebyshev distance metric outperformed seven other metrics for disruption segmentation, achieving F1 = 0.62 after hyperparameter optimisation versus 0.52 baseline
Positive shift in post-processing function was the single most impactful parameter improvement
Binarization threshold and shift had highest Pearson correlation with F1 score (-0.55 and +0.49 respectively)
CTADS2VDS algorithm successfully linked geospatial incident locations with PeMS traffic speed sensor data using OSM road network
Toolkit published as open-source on GitHub enabling replication and adaptation
Data fusion from multiple sources (OSM, CTADS, PeMS) improved incident prediction accuracy over single-source approaches",Low risk,Real-world traffic incident data from San Francisco used via PeMS sensor network and CTADS incident database. Study population is clearly defined as traffic incidents occurring on San Francisco road network. Data sources are publicly available and well documented. Representative of real-world urban traffic accident scenarios in a high-income country context.,Low risk,"Input variables are clearly pre-specified — traffic speed measurements from PeMS sensors, geospatial coordinates from OSM, and incident reports from CTADS. All predictor variables are objectively measured sensor readings collected independently of outcome assessment. No subjective predictor measurement. Algorithm parameters (kernel size, threshold, shift, selectivity) explicitly defined before hyperparameter search.",Unclear risk,"Accident detection outcome is based on traffic speed disruption patterns rather than direct ground truth verification. Authors themselves acknowledge reporting errors in incident data — stated limitation is that reported accident start times, locations, and durations contain inaccuracies. Manual markup used as ground truth but markup process not independently validated. Mismatch between reported incident time and actual disruption onset creates outcome measurement uncertainty.",Unclear risk,"Hyperparameter search is thorough and well documented across 3,000 then 1,000 iterations — this is a strength. F1 score reported as primary metric — 0.62 after optimisation versus 0.52 baseline. However train/test split method never reported. Total sample size of accidents not stated anywhere in the paper. Overfitting risk in a city-specific single-location model not assessed or discussed. Performance evaluated only on San Francisco data with no external validation. These reporting gaps prevent a full low-risk rating.",Unclear risk,"No single domain is rated High risk. Participants and Predictors domains are Low risk. Outcome and Analysis domains are Unclear risk due to ground truth reliability concerns and insufficient reporting of sample size and split methodology. Under PROBAST rules the overall judgement follows the highest risk domain — Unclear risk is assigned. Would be upgraded to Low risk if sample size, train/test split, and external validation were reported in the full text."
808,A 2024,"Automatic Accident Detection, Segmentation and Duration Prediction Using Machine Learning",Consensus,"Automatic Accident Detection, Segmentation and
Duration Prediction Using Machine Learning",Grigorev et al. ,2024,"IEEE TRANSACTIONS ON INTELLIGENT TRANSPORTATION SYSTEMS,",United States (San Francisco dataset),High income,Sensor or telematics data,"number of accidents: CTADS dataset used, specific accident count not reported",Not specified,City level,Urban,"Distance metric-based disruption segmentation algorithm using Chebyshev metric (selected as best performing from: Bray-Curtis, Canberra, Chebyshev, Manhattan, Correlation, Cosine, Euclidean, Minkowski). Multiple ML models used for incident prediction accuracy improvement — specific model names not fully detailed",Traditional ML,Mixed,Not reported,Not reported,Yes,OpenStreetMap (OSM) geospatial road data integration. CTADS2VDS algorithm used to associate geospatial incident locations with traffic sensor points. Geographic area filtering applied. Road data converted to point data and aligned with incident locations.,Daily,Road segment level — individual road points mapped via OSM and aligned with PeMS detector locations in San Francisco,Combined spatiotemporal,Not reported,"ROC curves presented in Figures 15, 16, 17 for all accidents and individual accident cases — specific AUC numerical values not stated",0.62 — achieved after hyperparameter optimisation with Chebyshev metric (improved from baseline of 0.52). Multiple interval comparison F1 = 0.62.,Not reported,Not reported — sensitivity-specificity trade-off discussed conceptually but no numerical values given,Not applicable,Not applicable,"Pearson correlation between model parameters and F1 score — threshold: -0.55, shift: +0.49, selectivity: -0.32",Chebyshev distance metric — selected as best performing from eight candidate metrics via hyperparameter search,No,No,Partially,"Limited direct relevance. The toolkit's modular design and stated multi-country ambition is noteworthy — authors acknowledge data availability as the key barrier to applying this approach elsewhere, which directly describes the Bangladesh and LMIC situation. The two-week temporal window approach and OSM-based spatial association could theoretically be adapted for Dhaka using available PeMS-equivalent sensor data, but no such data currently exists at scale in Bangladesh.",Unclear risk,Low risk,Low risk,Unclear risk,Unclear risk,"Applied only to San Francisco dataset due to public availability — not tested on other countries or regions
Scalability challenges in larger urban networks — data retrieval is a bottleneck
Interoperability issues when using alternative data formats beyond OSM and CTADS
Reported accident times contain errors — start time, location, and duration reporting inconsistencies affect ground truth quality
Lack of synchronised traffic state and accident log data across countries limits global application
Cascading effect of secondary incidents not yet modelled","Chebyshev distance metric outperformed seven other metrics for disruption segmentation, achieving F1 = 0.62 after hyperparameter optimisation versus 0.52 baseline
Positive shift in post-processing function was the single most impactful parameter improvement
Binarization threshold and shift had highest Pearson correlation with F1 score (-0.55 and +0.49 respectively)
CTADS2VDS algorithm successfully linked geospatial incident locations with PeMS traffic speed sensor data using OSM road network
Toolkit published as open-source on GitHub enabling replication and adaptation
Data fusion from multiple sources (OSM, CTADS, PeMS) improved incident prediction accuracy over single-source approaches",Low risk,,Low risk,,Unclear risk,,Unclear risk,,Unclear risk,
706,Liu 2025,A hybrid ARIMA-BP approach for superior accuracy in predicting traffic accident losses.,Sarbajit Paul Bappy,"A hybrid ARIMA-BP approach for 
superior accuracy in predicting 
traffic accident losses",Jian Liu et al,2025,Scientific Reports,China,Upper-middle income,Mixed sources,Not Reported,1990–2020,National level,Mixed,"ARIMA (Autoregressive Integrated Moving Average), BP (Backpropagation) Neural Network, and the hybrid ARIMA-BP model",Hybrid,Mixed,Time-based split,No,Yes,Grey relational analysis,Annual,Country (National),Temporal only,Average annual error rate of 5.31%,Not Reported,Not Reported,Not Reported,Not Reported,Not Reported,Not Reported," $R^2$ (Goodness of Fit): 0.937 (Accidents), 0.909 (Fatalities), 0.904 (Injuries), 0.857 (Property Damage)",ARIMA-BP,No,No,No,"The model uses macroscopic indicators (GDP, population, road mileage) that are standard in many developing nations, but the study does not explicitly address Bangladesh's specific infrastructure or data constraints.",Low risk,Low risk,Low risk,Low risk,Low risk,Limited availability of public data; use of annual data instead of monthly or quarterly perspectives; lack of specific spatial/geographic forecasting,"The hybrid ARIMA-BP model significantly outperforms standalone ARIMA and BP models by effectively capturing both linear temporal trends and nonlinear causal relationships. It achieved an average prediction error rate of 5.31%, which was 2.61% lower than ARIMA and 6.24% lower than the BP network.",,,,,,,,,,
706,Liu 2025,A hybrid ARIMA-BP approach for superior accuracy in predicting traffic accident losses.,Consensus,"A hybrid ARIMA-BP approach for 
superior accuracy in predicting 
traffic accident losses",Jian Liu et al,2025,Scientific Reports,China,Upper-middle income,Mixed sources,Not Reported,1990–2020,National level,Mixed,"ARIMA (Autoregressive Integrated Moving Average), BP (Backpropagation) Neural Network, and the hybrid ARIMA-BP model",Hybrid,Mixed,Time-based split,No,Yes,Grey relational analysis,Annual,Country (National),Temporal only,Average annual error rate of 5.31%,Not Reported,Not Reported,Not Reported,Not Reported,Not Reported,Not Reported," $R^2$ (Goodness of Fit): 0.937 (Accidents), 0.909 (Fatalities), 0.904 (Injuries), 0.857 (Property Damage)",ARIMA-BP,No,No,No,"The model uses macroscopic indicators (GDP, population, road mileage) that are standard in many developing nations, but the study does not explicitly address Bangladesh's specific infrastructure or data constraints.",Low risk,Low risk,Low risk,Low risk,Low risk,Limited availability of public data; use of annual data instead of monthly or quarterly perspectives; lack of specific spatial/geographic forecasting,"The hybrid ARIMA-BP model significantly outperforms standalone ARIMA and BP models by effectively capturing both linear temporal trends and nonlinear causal relationships. It achieved an average prediction error rate of 5.31%, which was 2.61% lower than ARIMA and 6.24% lower than the BP network.",,,,,,,,,,
549,Al-Masaeid 2023,Performance of Traffic Accidents' Prediction Models,Sarbajit Paul Bappy,Performance of Traffic Accidents’ Prediction Models,Al-Masaeid et al,2023,Jordan Journal of Civil Engineering,Jordan,Lower-middle income,Mixed sources,"number of accidents: 93,011.76 (Mean NOA over 25 years); Max value recorded was 161,511",1995 through 2020,National level,Not specified,"Artificial Neural Network (ANN), ARIMA, and Multiple Linear Regression",Hybrid,Temporal risk prediction,Fixed split,Not reported,Yes,Not Reported,Annual,Country-wide (Jordan),Temporal only,Not Reported,Not Reported,Not Reported,Not Reported,Not Reported,"Yes (e.g., 5193.8 for the best NOA ANN model)","Yes (e.g., 3930.5 for the best NOA ANN model)",NOA $R^{2} = 0.984$,Artificial Neural Network (ANN),No,Yes,Partially,"The study demonstrates that in a lower-middle-income context, ANN models using macro-level data (GDP, POP, REGV) can effectively predict accident trends even with fluctuating temporal data.",Low risk,Low risk,Low risk,Low risk,Low risk,The study used a limited number of variables; lacks accurate data for paved road length and vehicle-kilometers of travel.,"ANN models outperformed ARIMA and Regression for accident prediction. COVID-19 travel restrictions in 2020 resulted in a 35% reduction in accidents, 37% in injuries, and 50% in fatalities in Jordan.",,,,,,,,,,
549,Al-Masaeid 2023,Performance of Traffic Accidents' Prediction Models,Consensus,Performance of Traffic Accidents’ Prediction Models,Al-Masaeid et al,2023,Jordan Journal of Civil Engineering,Jordan,Lower-middle income,Mixed sources,"number of accidents: 93,011.76 (Mean NOA over 25 years); Max value recorded was 161,511",1995 through 2020,National level,Not specified,"Artificial Neural Network (ANN), ARIMA, and Multiple Linear Regression",Hybrid,Temporal risk prediction,Fixed split,Not reported,Yes,Not Reported,Annual,Country-wide (Jordan),Temporal only,Not Reported,Not Reported,Not Reported,Not Reported,Not Reported,"Yes (e.g., 5193.8 for the best NOA ANN model)","Yes (e.g., 3930.5 for the best NOA ANN model)",NOA $R^{2} = 0.984$,Artificial Neural Network (ANN),No,Yes,Partially,"The study demonstrates that in a lower-middle-income context, ANN models using macro-level data (GDP, POP, REGV) can effectively predict accident trends even with fluctuating temporal data.",Low risk,Low risk,Low risk,Low risk,Low risk,The study used a limited number of variables; lacks accurate data for paved road length and vehicle-kilometers of travel.,"ANN models outperformed ARIMA and Regression for accident prediction. COVID-19 travel restrictions in 2020 resulted in a 35% reduction in accidents, 37% in injuries, and 50% in fatalities in Jordan.",,,,,,,,,,
488,Berhanu 2024,Machine learning for predictions of road traffic accidents and spatial network analysis for safe routing on accident and congestion-prone road networks,Sarbajit Paul Bappy,Machine learning for predictions of road traffic accidents and spatial network analysis for safe routing on accident and congestion-prone road networks,Y. Berhanu et al.,2024,Results in Engineering,Ethiopia,Low income,Mixed sources,Not Reported,Not Reported,City level,Urban,Random Forest (RF).,Ensemble,Mixed,Not reported,Not reported,Not reported,Spatial network analysis and crash rates integrated with GIS.,Not specified,Road network segments.,Combined spatiotemporal,94.2%,Not Reported,Not Reported,Not Reported,Not Reported,Not Reported,Not Reported,Not Reported,Random Forest (RF) was the primary model utilized for the innovative integrated approach.,No,Yes,Yes,"The integration of machine learning with spatial network analysis for safe routing is highly applicable to the dense, accident-prone urban networks of Bangladesh.",Low risk,Low risk,Low risk,Low risk,Low risk,Not Reported,"The study introduced an innovative approach combining Random Forest, crash rates, and spatial network analysis. The model achieved 94.2% accuracy in predicting accidents and was successfully used to recommend safe routes for drivers, effectively reducing exposure to high-risk and congested areas.",,,,,,,,,,
488,Berhanu 2024,Machine learning for predictions of road traffic accidents and spatial network analysis for safe routing on accident and congestion-prone road networks,Consensus,Machine learning for predictions of road traffic accidents and spatial network analysis for safe routing on accident and congestion-prone road networks,Y. Berhanu et al.,2024,Results in Engineering,Ethiopia,Low income,Mixed sources,Not Reported,Not Reported,City level,Urban,Random Forest (RF).,Ensemble,Mixed,Not reported,Not reported,Not reported,Spatial network analysis and crash rates integrated with GIS.,Not specified,Road network segments.,Combined spatiotemporal,94.2%,Not Reported,Not Reported,Not Reported,Not Reported,Not Reported,Not Reported,Not Reported,Random Forest (RF) was the primary model utilized for the innovative integrated approach.,No,Yes,Yes,"The integration of machine learning with spatial network analysis for safe routing is highly applicable to the dense, accident-prone urban networks of Bangladesh.",Low risk,Low risk,Low risk,Low risk,Low risk,Not Reported,"The study introduced an innovative approach combining Random Forest, crash rates, and spatial network analysis. The model achieved 94.2% accuracy in predicting accidents and was successfully used to recommend safe routes for drivers, effectively reducing exposure to high-risk and congested areas.",,,,,,,,,,
476,Li 2023,Research on Traffic Accident Risk Prediction Method Based on Spatial and Visual Semantics,Sarbajit Paul Bappy,Research on Traffic Accident Risk Prediction Method Based on Spatial and Visual Semantics,Wenjing Li,2023,ISPRS International Journal of Geo-Information,United States (Chicago),High income,Mixed sources,"620,757 traffic accidents",January to December 2016,City level,Urban,"SVSNet (improved STGCN), CNN, GRU, GCN, and attention mechanism",Deep learning,Mixed,Time-based split,Other: Weighted mean square loss function used to address the zero-inflated model problem,Yes,CNN for local spatial correlation and GCN for aggregating neighboring node features and visual semantic similarity,Hourly, $2 \text{ km} \times 2 \text{ km}$ square grids ,Combined spatiotemporal,Not Reported,Not Reported,Not Reported,Not Reported,"Yes (Recall for SVSNet: 19.26% overall, 20.03% during high-frequency periods)","Yes (RMSE for SVSNet: 11.2918 overall, 8.6243 during high-frequency periods)","Yes (Selected as an indicator, but primary results in Table 4 show RMSE, Recall, and MAP)","MAP (SVSNet: 0.0903 overall, 0.1133 during high-frequency periods)",SVSNet,No,No,No,Not Reported,Low risk,Low risk,Low risk,Low risk,Low risk,The construction of a 20 X 20 grid includes blank/data-free areas that may affect the model; further discussion is needed to better define the study area in future research ,"SVSNet consistently outperformed benchmark models (HA, MLP, GRU, SDACE, etc.) by integrating driver visual effects with spatiotemporal correlations. The model achieved superior performance particularly in high-frequency accident areas, demonstrating that city landscape complexity significantly impacts traffic safety risk.",,,,,,,,,,
476,Li 2023,Research on Traffic Accident Risk Prediction Method Based on Spatial and Visual Semantics,Consensus,Research on Traffic Accident Risk Prediction Method Based on Spatial and Visual Semantics,Wenjing Li,2023,ISPRS International Journal of Geo-Information,United States (Chicago),High income,Mixed sources,"620,757 traffic accidents",January to December 2016,City level,Urban,"SVSNet (improved STGCN), CNN, GRU, GCN, and attention mechanism",Deep learning,Mixed,Time-based split,Other: Weighted mean square loss function used to address the zero-inflated model problem,Yes,CNN for local spatial correlation and GCN for aggregating neighboring node features and visual semantic similarity,Hourly, $2 \text{ km} \times 2 \text{ km}$ square grids ,Combined spatiotemporal,Not Reported,Not Reported,Not Reported,Not Reported,"Yes (Recall for SVSNet: 19.26% overall, 20.03% during high-frequency periods)","Yes (RMSE for SVSNet: 11.2918 overall, 8.6243 during high-frequency periods)","Yes (Selected as an indicator, but primary results in Table 4 show RMSE, Recall, and MAP)","MAP (SVSNet: 0.0903 overall, 0.1133 during high-frequency periods)",SVSNet,No,No,No,Not Reported,Low risk,Low risk,Low risk,Low risk,Low risk,The construction of a 20 X 20 grid includes blank/data-free areas that may affect the model; further discussion is needed to better define the study area in future research ,"SVSNet consistently outperformed benchmark models (HA, MLP, GRU, SDACE, etc.) by integrating driver visual effects with spatiotemporal correlations. The model achieved superior performance particularly in high-frequency accident areas, demonstrating that city landscape complexity significantly impacts traffic safety risk.",,,,,,,,,,
389,Gao 2026,STCAGNN-RNKDE: a traffic accident prediction model for spatiotemporal combinatorial attention graph neural networks using Ripley's K and network kernel density estimation,Sarbajit Paul Bappy,"STCAGNN-RNKDE: a traffic accident prediction model for spatiotemporal  combinatorial attention graph neural networks using Ripley’s K and 
network kernel density estimation",P. Gao et al.,2026,Reliability Engineering and System Safety,China,Upper-middle income,Mixed sources,Not Reported,Not Reported,City level,Urban,Spatiotemporal Combinatorial Attention Graph Neural Network (STCAGNN).,Deep learning,Mixed,Not reported,Yes-SMOTE,Yes,Network Ripley's K function and Network Kernel Density Estimation (NKDE) for road network subgraph construction.,Not specified,Road network subgraphs.,Combined spatiotemporal,Evaluated against several state-of-the-art models.,Not Reported,Not Reported,Not Reported,Not Reported,Not Reported,Not Reported,Not Reported,STCAGNN-RNKDE.,No,Yes,Partially,"The characterization of ""spatial spillover effects""—how risk in one road segment impacts adjacent ones—is highly relevant for the tightly interconnected and high-risk road networks found in Bangladesh.",Low risk,Low risk,Low risk,Low risk,Low risk,Not Reported,"The study introduced the STCAGNN-RNKDE model, which significantly improves prediction by integrating Network Ripley's K and NKDE to construct subgraphs. This approach effectively handles factor sparsity and captures spatial spillover effects, providing a more accurate characterization of road risk than traditional graph neural networks.",,,,,,,,,,
389,Gao 2026,STCAGNN-RNKDE: a traffic accident prediction model for spatiotemporal combinatorial attention graph neural networks using Ripley's K and network kernel density estimation,Consensus,"STCAGNN-RNKDE: a traffic accident prediction model for spatiotemporal  combinatorial attention graph neural networks using Ripley’s K and 
network kernel density estimation",P. Gao et al.,2026,Reliability Engineering and System Safety,China,Upper-middle income,Mixed sources,Not Reported,Not Reported,City level,Urban,Spatiotemporal Combinatorial Attention Graph Neural Network (STCAGNN).,Deep learning,Mixed,Not reported,Yes-SMOTE,Yes,Network Ripley's K function and Network Kernel Density Estimation (NKDE) for road network subgraph construction.,Not specified,Road network subgraphs.,Combined spatiotemporal,Evaluated against several state-of-the-art models.,Not Reported,Not Reported,Not Reported,Not Reported,Not Reported,Not Reported,Not Reported,STCAGNN-RNKDE.,No,Yes,Partially,"The characterization of ""spatial spillover effects""—how risk in one road segment impacts adjacent ones—is highly relevant for the tightly interconnected and high-risk road networks found in Bangladesh.",Low risk,Low risk,Low risk,Low risk,Low risk,Not Reported,"The study introduced the STCAGNN-RNKDE model, which significantly improves prediction by integrating Network Ripley's K and NKDE to construct subgraphs. This approach effectively handles factor sparsity and captures spatial spillover effects, providing a more accurate characterization of road risk than traditional graph neural networks.",,,,,,,,,,
376,Al-Mistarehi 2022,Using Machine Learning Models to Forecast Severity Level of Traffic Crashes by R Studio and ArcGIS,Sarbajit Paul Bappy,"Using Machine Learning Models to
Forecast Severity Level of Traffic
Crashes by R Studio and ArcGIS",Bara' W. Al-Mistarehi et al,2022,Frontiers in Built Environment,Jordan,Lower-middle income,Police records,"Nearly 97,900 accidents.",2014–2018.,City level,Urban,"Random Forest, AdaBoost (Boosted Tree), Decision Tree, and Association Rules (Apriori algorithm).",Hybrid,Mixed,Fixed split,Not reported,Not reported,Optimized Hot Spot Analysis (Getis-Ord Gi*) using ArcGIS.,Annual,Street level / Intersections,Combined spatiotemporal,"Yes (e.g., 97.93% for slight injury using Random Forest).",Not Reported,"Yes (e.g., 99.97% for fatalities using Random Forest).","Yes (e.g., 100% for medium and severe injuries using Random Forest).",Yes (Recall: 100% for medium injuries using Random Forest; Sensitivity: 100% for fatalities using Random Forest).,Not Reported,Not Reported,"Error rate (e.g., 0.0004 for fatalities using Random Forest); Specificity (e.g., 83.3% for fatalities using Random Forest).",Random Forest.,No,Yes,Partially,explicitly cites Labib et al. (2019) regarding traffic accidents being a significant problem in Bangladesh.,Low risk,Low risk,Low risk,Low risk,Low risk,Future work is needed to investigate other regions of Jordan and better understand land-use relationships.,"Random Forest is the most suitable algorithm for predicting crash severity in urban Jordan. Key risk factors include collision-type crashes, flat-straight roads, and driver errors such as tailgating. Hotspots are primarily located on main arterial roads with high traffic volumes.",,,,,,,,,,
376,Al-Mistarehi 2022,Using Machine Learning Models to Forecast Severity Level of Traffic Crashes by R Studio and ArcGIS,Consensus,"Using Machine Learning Models to
Forecast Severity Level of Traffic
Crashes by R Studio and ArcGIS",Bara' W. Al-Mistarehi et al,2022,Frontiers in Built Environment,Jordan,Lower-middle income,Police records,"Nearly 97,900 accidents.",2014–2018.,City level,Urban,"Random Forest, AdaBoost (Boosted Tree), Decision Tree, and Association Rules (Apriori algorithm).",Hybrid,Mixed,Fixed split,Not reported,Not reported,Optimized Hot Spot Analysis (Getis-Ord Gi*) using ArcGIS.,Annual,Street level / Intersections,Combined spatiotemporal,"Yes (e.g., 97.93% for slight injury using Random Forest).",Not Reported,"Yes (e.g., 99.97% for fatalities using Random Forest).","Yes (e.g., 100% for medium and severe injuries using Random Forest).",Yes (Recall: 100% for medium injuries using Random Forest; Sensitivity: 100% for fatalities using Random Forest).,Not Reported,Not Reported,"Error rate (e.g., 0.0004 for fatalities using Random Forest); Specificity (e.g., 83.3% for fatalities using Random Forest).",Random Forest.,No,Yes,Partially,explicitly cites Labib et al. (2019) regarding traffic accidents being a significant problem in Bangladesh.,Low risk,Low risk,Low risk,Low risk,Low risk,Future work is needed to investigate other regions of Jordan and better understand land-use relationships.,"Random Forest is the most suitable algorithm for predicting crash severity in urban Jordan. Key risk factors include collision-type crashes, flat-straight roads, and driver errors such as tailgating. Hotspots are primarily located on main arterial roads with high traffic volumes.",,,,,,,,,,
364,AlShafie 2024,Exploring the Utility of Auto-machine Learning in Predicting Traffic Accident Severity in Jordan,Sarbajit Paul Bappy,"Exploring the Utility of Auto-machine Learning in
Predicting Traffic Accident Severity in Jordan",R. Al Shafie et al,2024,Jordan Journal of Civil Engineering,Jordan,Lower-middle income,Mixed sources,"15,148 accidents (initially); 114,383 incidents used after cleaning",2015 to 2022,National level,Mixed,"Decision Trees (DT), Random Forests (RF), Light Gradient Boosting Machines (LGBM), Extra Trees (ET), Bagging Classifiers, and Gradient Boosting (GB)",Ensemble,Severity classification,Fixed split,Yes-undersampling,Yes,Geospatial information from site visits and Google Earth,Not specified,Road segment level,Combined spatiotemporal,Yes (above 0.97 for all classifiers in both urban and rural areas),Not Reported,"Yes (e.g., improved for injuries in urban areas after down-sampling)",Yes (used to assess predictive capability),Yes (Balanced recall specifically highlighted as improved after down-sampling),Not Reported,Not Reported,Balanced accuracy,"Urban areas: LGBM and Gradient Boosting (for minority class recall)   Rural areas: Random Forest, Bagging, and Extra Trees (for precision/recall balance)",No,Yes,Partially,Focuses on applying ML in an LMIC setting where traffic accidents are the third leading cause of death.,Low risk,Low risk,Low risk,Low risk,Low risk,"Limited number of variables used; recommends future inclusion of driver behavior, demographic data, and specific geographic locations","Machine learning models can accurately forecast accident severity in Jordan with over 97% accuracy. Down-sampling and hyperparameter tuning are critical for effectively identifying minority classes like fatalities and injuries in imbalanced datasets. Significant risk factors identified include peak hour volumes, road geometry (e.g., lane width), and lighting conditions.",,,,,,,,,,
364,AlShafie 2024,Exploring the Utility of Auto-machine Learning in Predicting Traffic Accident Severity in Jordan,Consensus,"Exploring the Utility of Auto-machine Learning in
Predicting Traffic Accident Severity in Jordan",R. Al Shafie et al,2024,Jordan Journal of Civil Engineering,Jordan,Lower-middle income,Mixed sources,"15,148 accidents (initially); 114,383 incidents used after cleaning",2015 to 2022,National level,Mixed,"Decision Trees (DT), Random Forests (RF), Light Gradient Boosting Machines (LGBM), Extra Trees (ET), Bagging Classifiers, and Gradient Boosting (GB)",Ensemble,Severity classification,Fixed split,Yes-undersampling,Yes,Geospatial information from site visits and Google Earth,Not specified,Road segment level,Combined spatiotemporal,Yes (above 0.97 for all classifiers in both urban and rural areas),Not Reported,"Yes (e.g., improved for injuries in urban areas after down-sampling)",Yes (used to assess predictive capability),Yes (Balanced recall specifically highlighted as improved after down-sampling),Not Reported,Not Reported,Balanced accuracy,"Urban areas: LGBM and Gradient Boosting (for minority class recall)   Rural areas: Random Forest, Bagging, and Extra Trees (for precision/recall balance)",No,Yes,Partially,Focuses on applying ML in an LMIC setting where traffic accidents are the third leading cause of death.,Low risk,Low risk,Low risk,Low risk,Low risk,"Limited number of variables used; recommends future inclusion of driver behavior, demographic data, and specific geographic locations","Machine learning models can accurately forecast accident severity in Jordan with over 97% accuracy. Down-sampling and hyperparameter tuning are critical for effectively identifying minority classes like fatalities and injuries in imbalanced datasets. Significant risk factors identified include peak hour volumes, road geometry (e.g., lane width), and lighting conditions.",,,,,,,,,,
359,Cui 2026,Harnessing the integrated statistical machine learning for traffic crash injury-severity modeling,Sarbajit Paul Bappy,Harnessing the integrated statistical machine learning for traffic crash injury-severity modeling,P. Cui et al.,2026,Reliability Engineering and System Safety,United States,High income,Mixed sources,"18,318 motorcycle crashes",2017 to 2019,Regional level,Mixed,Latent Gaussian Process with Tree-Boosting Model (LGPBoost).,Hybrid,Severity classification,Not reported,Yes-oversampling,Yes,Latent Gaussian Process (LGP) to account for spatial dynamics and correlations.,Not specified,Spatial coordinates/Crash locations.,Combined spatiotemporal,Evaluated through comparative modeling against traditional and standalone ML methods.,Not Reported,Not Reported,Not Reported,Not Reported,Not Reported,Not Reported,Interpretability (Uses SHAP or similar interpretable ML techniques to explain interactions).,LGPBoost (Demonstrated superior performance by capturing complex interactions and spatial-temporal dynamics).,No,No,Partially,"The LGPBoost framework is particularly valuable for Bangladesh, as it can model accident severity while accounting for the significant spatial and temporal variations found in developing urban networks.",Low risk,Low risk,Low risk,Low risk,Low risk,Modeling complexity and uncertainty remains a challenge in heterogeneous datasets.,"The proposed LGPBoost model effectively bridges the gap between traditional statistical models and machine learning by accounting for spatial and temporal dynamics. It provides an interpretable and robust framework for modeling motorcycle crash severity, outperforming traditional methods that overlook structural dependencies.",,,,,,,,,,
359,Cui 2026,Harnessing the integrated statistical machine learning for traffic crash injury-severity modeling,Consensus,Harnessing the integrated statistical machine learning for traffic crash injury-severity modeling,P. Cui et al.,2026,Reliability Engineering and System Safety,United States,High income,Mixed sources,"18,318 motorcycle crashes",2017 to 2019,Regional level,Mixed,Latent Gaussian Process with Tree-Boosting Model (LGPBoost).,Hybrid,Severity classification,Not reported,Yes-oversampling,Yes,Latent Gaussian Process (LGP) to account for spatial dynamics and correlations.,Not specified,Spatial coordinates/Crash locations.,Combined spatiotemporal,Evaluated through comparative modeling against traditional and standalone ML methods.,Not Reported,Not Reported,Not Reported,Not Reported,Not Reported,Not Reported,Interpretability (Uses SHAP or similar interpretable ML techniques to explain interactions).,LGPBoost (Demonstrated superior performance by capturing complex interactions and spatial-temporal dynamics).,No,No,Partially,"The LGPBoost framework is particularly valuable for Bangladesh, as it can model accident severity while accounting for the significant spatial and temporal variations found in developing urban networks.",Low risk,Low risk,Low risk,Low risk,Low risk,Modeling complexity and uncertainty remains a challenge in heterogeneous datasets.,"The proposed LGPBoost model effectively bridges the gap between traditional statistical models and machine learning by accounting for spatial and temporal dynamics. It provides an interpretable and robust framework for modeling motorcycle crash severity, outperforming traditional methods that overlook structural dependencies.",,,,,,,,,,
358,Amorim 2023,A Machine Learning Approach for Classifying Road Accident Hotspots,Sarbajit Paul Bappy,A Machine Learning Approach for Classifying Road Accident Hotspots,ereira Amorim et al,2023,ISPRS International Journal of Geo-Information,Brazil,Upper-middle income,Police records,Approximately 1.8 million entries,2007 to 2020,National level,Mixed,"Not fully detailed in the snippet, but mentions using a custom class attribute named ""severity"" for classification purposes.",Other: Supervised learning (Classification).,Mixed,Not reported,Not reported,Not reported,Hotspot identification using highway and kilometer markers.,Daily,Highway sections (defined by kilometer markers).,Combined spatiotemporal,Not Reported ,Not Reported ,Not Reported ,Not Reported ,Not Reported ,Not Reported ,Not Reported ,"The methodology section specifies that ""severity"" and ""frequency"" are the primary derived metrics used for classification.",Not Reported ,No,Yes,Partially,Not Reported,Low risk,Low risk,Low risk,Low risk,Low risk,Not Reported,"The study proposes a method to identify severe accident hotspots by creating custom ""severity"" and ""frequency"" attributes. An accident is defined as ""severe"" if it results in serious injuries or deaths.",,,,,,,,,,
358,Amorim 2023,A Machine Learning Approach for Classifying Road Accident Hotspots,Consensus,A Machine Learning Approach for Classifying Road Accident Hotspots,ereira Amorim et al,2023,ISPRS International Journal of Geo-Information,Brazil,Upper-middle income,Police records,Approximately 1.8 million entries,2007 to 2020,National level,Mixed,"Not fully detailed in the snippet, but mentions using a custom class attribute named ""severity"" for classification purposes.",Other: Supervised learning (Classification).,Mixed,Not reported,Not reported,Not reported,Hotspot identification using highway and kilometer markers.,Daily,Highway sections (defined by kilometer markers).,Combined spatiotemporal,Not Reported ,Not Reported ,Not Reported ,Not Reported ,Not Reported ,Not Reported ,Not Reported ,"The methodology section specifies that ""severity"" and ""frequency"" are the primary derived metrics used for classification.",Not Reported ,No,Yes,Partially,Not Reported,Low risk,Low risk,Low risk,Low risk,Low risk,Not Reported,"The study proposes a method to identify severe accident hotspots by creating custom ""severity"" and ""frequency"" attributes. An accident is defined as ""severe"" if it results in serious injuries or deaths.",,,,,,,,,,
349,Alhaek 2025,Encoding global semantic and localized geographic spatial-temporal relations for traffic accident risk prediction,Sarbajit Paul Bappy,"Encoding global semantic and localized geographic
spatial-temporal relations for traffic accident risk prediction",Alhaek et al,2025,Information Sciences,United States,High income,Mixed sources,"NYC: 147,000 accident records; Chicago: 44,000 accident records",NYC: January–December 2013 (full year); Chicago: February–September 2016 (8 months),City level,Urban,"Proposed model: GLST-TARP — Multi-graph GCN (4 graphs: Functional Similarity, Demographic Similarity, Road Similarity, Traffic Flow) + Graph Attention + Temporal Attention (Transformer + GRU) + Channel-wise CNN block. Baselines: Historical Average (HA), ARIMA, XGBoost, SaDE, H-ConvLSTM, ST-GCN, RiskOracle, RiskSeq, DSTGCN, GSNet, MG-TAR, HintNet, MGHSTN",Hybrid,Temporal risk prediction,Fixed split,No,Yes,Dual-stream spatial modeling: (A) Global semantic — four multi-graphs B) Localized geographic — channel-wise CNN block operating on gridded spatial feature maps with global average pooling and channel attention,Not specified,Non-overlapping urban grid regions (I regions) within each city; exact grid resolution not stated in the accessible text but consistent with prior GCN-based urban prediction literature using neighborhood/zone-level grids,Combined spatiotemporal,"NYC(Acc@40: 45.79%, Acc@20: 57.98%) , Chicago(Acc@40: 51.77%, Acc@20: 60.97%)",Not reported,Not reported,Not reported,Not reported,Not reported,Not reported,"NYC MSE: 0.2123, Acc@40: 43.67%; Chicago MSE: 0.2214, Acc@40: 50.14%. Second-best baseline MG-TAR achieved MSE = 0.2439 (NYC) and 0.2398 (Chicago)",GLST-TARP(achieves lowest MSE and highest Acc@40 and Acc@20 on both NYC and Chicago),No,No,No,"The paper's direct applicability to Bangladesh is limited but instructive in three specific ways. First, the zero-inflation / data sparsity problem the paper addresses (most urban regions recording zero accidents in any given interval) is highly analogous to the patchy accident reporting landscape in Bangladesh, where under-reporting is endemic; the Huber loss solution is therefore directly transferable. Second, the multi-graph framework requires rich auxiliary data (POI databases, demographic census vectors, taxi GPS mobility traces) that are largely unavailable or unreliable at sub-city granularity in Bangladesh — this is the primary barrier to direct replication. Third, the regression-based risk score formulation (weighting accidents by severity) could serve as a template for Bangladesh road safety planning if basic spatial and road network data become available through platforms like OpenStreetMap. The model's computational requirements (NVIDIA GeForce 1070 GPU, 16 GB RAM on a consumer-grade machine) are modest relative to other deep learning baselines, suggesting feasibility in a resource-constrained research environment if data could be collected.",Unclear risk,Low risk,High risk,Low risk,High risk,(1) reliance on specific data sources may limit generalizability across urban environments with varying data availability and quality; (2) computational complexity of multi-graph construction and attention mechanisms may affect scalability for large cities with extensive road networks; (3) model interpretability remains limited despite attention mechanisms — users cannot easily understand which specific factors drove high-risk predictions. ,"GLST-TARP proposes a dual-stream architecture encoding both global semantic spatial-temporal relations (via multi-graph GCN with 4 graph types and dual attention) and localized geographic spatial-temporal relations (via channel-wise CNN with temporal attention). Evaluated on NYC (2013) and Chicago (2016) open datasets, it outperforms 13 baselines including MG-TAR, MGHSTN, HintNet, DSTGCN, and GSNet. Best results: NYC MSE = 0.2269, Acc@20 = 57.98%; Chicago MSE = 0.2314, Acc@20 = 60.97%. The Huber loss outperforms MSE and MAE loss for handling zero-inflated sparse accident data. Ablation confirms that all four graph types, both attention mechanisms, and the 70/30 train-test split contribute positively; optimal GCN depth is 6 layers. Performance advantage is maintained during peak traffic hours (morning/evening rush), demonstrating temporal robustness.",,,,,,,,,,
349,Alhaek 2025,Encoding global semantic and localized geographic spatial-temporal relations for traffic accident risk prediction,Consensus,"Encoding global semantic and localized geographic
spatial-temporal relations for traffic accident risk prediction",Alhaek et al,2025,Information Sciences,United States,High income,Mixed sources,"NYC: 147,000 accident records; Chicago: 44,000 accident records",NYC: January–December 2013 (full year); Chicago: February–September 2016 (8 months),City level,Urban,"Proposed model: GLST-TARP — Multi-graph GCN (4 graphs: Functional Similarity, Demographic Similarity, Road Similarity, Traffic Flow) + Graph Attention + Temporal Attention (Transformer + GRU) + Channel-wise CNN block. Baselines: Historical Average (HA), ARIMA, XGBoost, SaDE, H-ConvLSTM, ST-GCN, RiskOracle, RiskSeq, DSTGCN, GSNet, MG-TAR, HintNet, MGHSTN",Hybrid,Temporal risk prediction,Fixed split,No,Yes,Dual-stream spatial modeling: (A) Global semantic — four multi-graphs B) Localized geographic — channel-wise CNN block operating on gridded spatial feature maps with global average pooling and channel attention,Not specified,Non-overlapping urban grid regions (I regions) within each city; exact grid resolution not stated in the accessible text but consistent with prior GCN-based urban prediction literature using neighborhood/zone-level grids,Combined spatiotemporal,"NYC(Acc@40: 45.79%, Acc@20: 57.98%) , Chicago(Acc@40: 51.77%, Acc@20: 60.97%)",Not reported,Not reported,Not reported,Not reported,Not reported,Not reported,"NYC MSE: 0.2123, Acc@40: 43.67%; Chicago MSE: 0.2214, Acc@40: 50.14%. Second-best baseline MG-TAR achieved MSE = 0.2439 (NYC) and 0.2398 (Chicago)",GLST-TARP(achieves lowest MSE and highest Acc@40 and Acc@20 on both NYC and Chicago),No,No,No,"The paper's direct applicability to Bangladesh is limited but instructive in three specific ways. First, the zero-inflation / data sparsity problem the paper addresses (most urban regions recording zero accidents in any given interval) is highly analogous to the patchy accident reporting landscape in Bangladesh, where under-reporting is endemic; the Huber loss solution is therefore directly transferable. Second, the multi-graph framework requires rich auxiliary data (POI databases, demographic census vectors, taxi GPS mobility traces) that are largely unavailable or unreliable at sub-city granularity in Bangladesh — this is the primary barrier to direct replication. Third, the regression-based risk score formulation (weighting accidents by severity) could serve as a template for Bangladesh road safety planning if basic spatial and road network data become available through platforms like OpenStreetMap. The model's computational requirements (NVIDIA GeForce 1070 GPU, 16 GB RAM on a consumer-grade machine) are modest relative to other deep learning baselines, suggesting feasibility in a resource-constrained research environment if data could be collected.",Unclear risk,Low risk,High risk,Low risk,High risk,(1) reliance on specific data sources may limit generalizability across urban environments with varying data availability and quality; (2) computational complexity of multi-graph construction and attention mechanisms may affect scalability for large cities with extensive road networks; (3) model interpretability remains limited despite attention mechanisms — users cannot easily understand which specific factors drove high-risk predictions. ,"GLST-TARP proposes a dual-stream architecture encoding both global semantic spatial-temporal relations (via multi-graph GCN with 4 graph types and dual attention) and localized geographic spatial-temporal relations (via channel-wise CNN with temporal attention). Evaluated on NYC (2013) and Chicago (2016) open datasets, it outperforms 13 baselines including MG-TAR, MGHSTN, HintNet, DSTGCN, and GSNet. Best results: NYC MSE = 0.2269, Acc@20 = 57.98%; Chicago MSE = 0.2314, Acc@20 = 60.97%. The Huber loss outperforms MSE and MAE loss for handling zero-inflated sparse accident data. Ablation confirms that all four graph types, both attention mechanisms, and the 70/30 train-test split contribute positively; optimal GCN depth is 6 layers. Performance advantage is maintained during peak traffic hours (morning/evening rush), demonstrating temporal robustness.",,,,,,,,,,
342,Khan 2024,Utilizing GIS and Machine Learning for Traffic Accident Prediction in Urban Environment,Sarbajit Paul Bappy,"Utilizing GIS and Machine Learning for Traffic Accident 
Prediction in Urban Environment",Atif Ali Khan et al,2024,Civil Engineering Journal, Pakistan (Faisalabad),Lower-middle income,Mixed sources,Not Reported,Not Reported,City level,Urban,"Machine Learning Algorithms (developed using field-surveyed features like road geometry, road furniture, and traffic volume).",Traditional ML,Mixed,Not reported,Not reported,Not reported,Moran's I spatial statistics in ArcGIS for hotspot identification.,Hourly,Urban road segments / Intersection points,Combined spatiotemporal,Evaluated through predictive performance checking based on geometric and environmental features.,Not Reported,Not Reported,Not Reported,Not Reported,Not Reported,Not Reported,Spatial Autocorrelation index (Moran's I values).,The integrated GIS-ML approach using field-validated geometric data is proposed as an effective system for urban accident forecasting.,No,Yes,Yes,"The methodology of using spatial autocorrelation (Moran's I) to identify high-risk areas, followed by target field surveys of road furniture and geometry, provides an excellent template for city planners in Dhaka or Chittagong to optimize limited infrastructure budgets.",Low risk,Low risk,Low risk,Low risk,Low risk,Not Reported,"This research presents an integrated framework using Moran's I in ArcGIS alongside machine learning to map and forecast urban traffic accidents. The analysis revealed a significant spatial clustering of accidents around high-density transit zones like the General Transport Stand (GTS) area and pointed to specific temporal peaks (1 to 2 p.m.), demonstrating how field-level geometric variables can enhance local predictive modeling.",,,,,,,,,,
342,Khan 2024,Utilizing GIS and Machine Learning for Traffic Accident Prediction in Urban Environment,Consensus,"Utilizing GIS and Machine Learning for Traffic Accident 
Prediction in Urban Environment",Atif Ali Khan et al,2024,Civil Engineering Journal, Pakistan (Faisalabad),Lower-middle income,Mixed sources,Not Reported,Not Reported,City level,Urban,"Machine Learning Algorithms (developed using field-surveyed features like road geometry, road furniture, and traffic volume).",Traditional ML,Mixed,Not reported,Not reported,Not reported,Moran's I spatial statistics in ArcGIS for hotspot identification.,Hourly,Urban road segments / Intersection points,Combined spatiotemporal,Evaluated through predictive performance checking based on geometric and environmental features.,Not Reported,Not Reported,Not Reported,Not Reported,Not Reported,Not Reported,Spatial Autocorrelation index (Moran's I values).,The integrated GIS-ML approach using field-validated geometric data is proposed as an effective system for urban accident forecasting.,No,Yes,Yes,"The methodology of using spatial autocorrelation (Moran's I) to identify high-risk areas, followed by target field surveys of road furniture and geometry, provides an excellent template for city planners in Dhaka or Chittagong to optimize limited infrastructure budgets.",Low risk,Low risk,Low risk,Low risk,Low risk,Not Reported,"This research presents an integrated framework using Moran's I in ArcGIS alongside machine learning to map and forecast urban traffic accidents. The analysis revealed a significant spatial clustering of accidents around high-density transit zones like the General Transport Stand (GTS) area and pointed to specific temporal peaks (1 to 2 p.m.), demonstrating how field-level geometric variables can enhance local predictive modeling.",,,,,,,,,,
338,Alhaek 2024,Learning spatial patterns and temporal dependencies for traffic accident severity prediction: A deep learning approach,Sarbajit Paul Bappy,"Learning spatial patterns and temporal dependencies for traffic accident
severity prediction: A deep learning approach",Alhaek et al,2024,Knowledge-Based Systems,United Kingdom ,High income,Police records,"London: 314,282 accidents; Liverpool: 11,699 accidents — combined total = 325,981 records",January 2010 – December 2020 (11 years),City level,Urban,"Proposed model: 1D CNN + BiLSTM + Attention mechanism (CNN-BiLSTM-Attention). Baselines: Support Vector Machine (SVM), eXtreme Gradient Boosting (XGBoost), standalone 1D CNN, Deep Neural Network (DNN), CNN-LSTM hybrid",Hybrid,Severity classification,Fixed split,Yes-SMOTE,Yes,"1D Convolutional Neural Network (kernel size 3, hidden layers of 64/128/256 units) applied to tabular accident features encoded as sequential input vectors",Not specified,City level — London and Liverpool treated as separate experimental units,Combined spatiotemporal,Not reported,Not reported,"0.88, 0.85","0.86, 0.84","0.91, 0.87",Not reported,Not reported,F1-scores — CNN-only: 0.82; CNN+BiLSTM: 0.84; CNN+Attention: 0.86; Full model: 0.88,"Proposed 1D CNN-BiLSTM with Attention — outperformed all five baselines on both cities across all three reported metrics (Precision, Recall, F1-score)",No,No,No,,Unclear risk,Low risk,Low risk,Low risk,High risk,"1) the model needs further validation on traffic accident data from different geographic regions; (2) supplemental datasets from other cities and countries are needed to assess generalization capability; (3) future work will benchmark across varying locations, environmental conditions, and accident trends. ","The proposed 1D CNN-BiLSTM with Attention model outperforms SVM, XGBoost, standalone 1D CNN, DNN, and CNN-LSTM on UK traffic accident severity classification. Achieved F1 = 0.88 (London) and F1 = 0.85 (Liverpool). The ablation study confirms each component adds measurable value: BiLSTM adds 2–4% and the attention mechanism adds a further 3–6% over the CNN-only baseline. BSMOTE2 oversampling effectively addresses severe class imbalance. Optimal hyperparameters: learning rate 0.0001–0.1, dropout = 0.4.",,,,,,,,,,
338,Alhaek 2024,Learning spatial patterns and temporal dependencies for traffic accident severity prediction: A deep learning approach,Consensus,"Learning spatial patterns and temporal dependencies for traffic accident
severity prediction: A deep learning approach",Alhaek et al,2024,Knowledge-Based Systems,United Kingdom ,High income,Police records,"London: 314,282 accidents; Liverpool: 11,699 accidents — combined total = 325,981 records",January 2010 – December 2020 (11 years),City level,Urban,"Proposed model: 1D CNN + BiLSTM + Attention mechanism (CNN-BiLSTM-Attention). Baselines: Support Vector Machine (SVM), eXtreme Gradient Boosting (XGBoost), standalone 1D CNN, Deep Neural Network (DNN), CNN-LSTM hybrid",Hybrid,Severity classification,Fixed split,Yes-SMOTE,Yes,"1D Convolutional Neural Network (kernel size 3, hidden layers of 64/128/256 units) applied to tabular accident features encoded as sequential input vectors",Not specified,City level — London and Liverpool treated as separate experimental units,Combined spatiotemporal,Not reported,Not reported,"0.88, 0.85","0.86, 0.84","0.91, 0.87",Not reported,Not reported,F1-scores — CNN-only: 0.82; CNN+BiLSTM: 0.84; CNN+Attention: 0.86; Full model: 0.88,"Proposed 1D CNN-BiLSTM with Attention — outperformed all five baselines on both cities across all three reported metrics (Precision, Recall, F1-score)",No,No,No,,Unclear risk,Low risk,Low risk,Low risk,High risk,"1) the model needs further validation on traffic accident data from different geographic regions; (2) supplemental datasets from other cities and countries are needed to assess generalization capability; (3) future work will benchmark across varying locations, environmental conditions, and accident trends. ","The proposed 1D CNN-BiLSTM with Attention model outperforms SVM, XGBoost, standalone 1D CNN, DNN, and CNN-LSTM on UK traffic accident severity classification. Achieved F1 = 0.88 (London) and F1 = 0.85 (Liverpool). The ablation study confirms each component adds measurable value: BiLSTM adds 2–4% and the attention mechanism adds a further 3–6% over the CNN-only baseline. BSMOTE2 oversampling effectively addresses severe class imbalance. Optimal hyperparameters: learning rate 0.0001–0.1, dropout = 0.4.",,,,,,,,,,
336,Cui 2024,Advancing urban traffic accident forecasting through sparse spatio-temporal dynamic learning,Sarbajit Paul Bappy,Advancing urban traffic accident forecasting through sparse spatio-temporal dynamic learning ,P. Cui et al.,2024,Accident Analysis and Prevention,United States,High income,"Other: Official records (NYC Open Data for traffic accidents, MesoWest for weather, and Google Maps API for POI data)",Not reported,2017 to 2019,City level,Urban,Sparse Spatio-Temporal Dynamic Hypergraph Learning (SST-DHL).,Deep learning,Temporal risk prediction,Fixed split,Yes-SMOTE,Yes,Dynamic Hypergraph Learning to model non-stationary spatial dependencies.,Hourly,Grid-based urban regions,Combined spatiotemporal,Evaluated via RMSE and Recall.,Not Reported,Not Reported,Not Reported,Yes,Yes,Not Reported,Not Reported,ST-DHL (Outperformed baseline models like GSNet and RiskOracle).,No,No,Partially,The SST-DHL framework's ability to handle sparse data is highly relevant for urban centers in Bangladesh where data collection may be inconsistent or localized.,Low risk,Low risk,Low risk,Low risk,Low risk,Not Reported,"The study introduced the SST-DHL framework, which captures higher-order dependencies and non-stationary patterns in sparse traffic accident data. By integrating dynamic hypergraph learning with self-supervised mechanisms, the model significantly improves forecasting accuracy and provides robust decision-support for urban safety management.",,,,,,,,,,
336,Cui 2024,Advancing urban traffic accident forecasting through sparse spatio-temporal dynamic learning,Consensus,Advancing urban traffic accident forecasting through sparse spatio-temporal dynamic learning ,P. Cui et al.,2024,Accident Analysis and Prevention,United States,High income,"Other: Official records (NYC Open Data for traffic accidents, MesoWest for weather, and Google Maps API for POI data)",Not reported,2017 to 2019,City level,Urban,Sparse Spatio-Temporal Dynamic Hypergraph Learning (SST-DHL).,Deep learning,Temporal risk prediction,Fixed split,Yes-SMOTE,Yes,Dynamic Hypergraph Learning to model non-stationary spatial dependencies.,Hourly,Grid-based urban regions,Combined spatiotemporal,Evaluated via RMSE and Recall.,Not Reported,Not Reported,Not Reported,Yes,Yes,Not Reported,Not Reported,ST-DHL (Outperformed baseline models like GSNet and RiskOracle).,No,No,Partially,The SST-DHL framework's ability to handle sparse data is highly relevant for urban centers in Bangladesh where data collection may be inconsistent or localized.,Low risk,Low risk,Low risk,Low risk,Low risk,Not Reported,"The study introduced the SST-DHL framework, which captures higher-order dependencies and non-stationary patterns in sparse traffic accident data. By integrating dynamic hypergraph learning with self-supervised mechanisms, the model significantly improves forecasting accuracy and provides robust decision-support for urban safety management.",,,,,,,,,,
333,Feng 2024,Traffic accident prediction method based on multi-view spatial-temporal learning,Sarbajit Paul Bappy,"Traffic accident prediction method based on
multi-view spatial-temporal learning",Jian Feng et al.,2024,Bulletin of the Polish Academy of Sciences Technical Sciences,China,High income,Mixed sources,Not Reported,2017 to 2018,City level,Urban,Multi-View Spatial-Temporal Learning (MV-STL).,Deep learning,Temporal risk prediction,Fixed split,Yes-SMOTE,Yes,Deformable Convolutional Networks (DCN) to learn dynamic spatial dependencies.,Hourly,Grid-based urban regions,Combined spatiotemporal,Evaluated through RMSE and Recall.,Not Reported,Not Reported,Not Reported,Yes,Yes,Not Reported,Not Reported,MV-STL (Outperformed baseline models like GSNet and RiskOracle).,No,No,Partially,"The method of augmenting spatial semantic information is highly relevant for modeling accident risks in complex, high-density urban environments like Dhaka.",Low risk,Low risk,Low risk,Low risk,Low risk,Not Reported,"The study proposed the MV-STL method, which uses deformable convolutions and learnable semantic embeddings to capture dynamic spatial-temporal evolution in traffic accidents. The model successfully represents the driving mechanisms of accidents from multiple views, significantly improving predictive accuracy over existing deep learning models.",,,,,,,,,,
333,Feng 2024,Traffic accident prediction method based on multi-view spatial-temporal learning,Consensus,"Traffic accident prediction method based on
multi-view spatial-temporal learning",Jian Feng et al.,2024,Bulletin of the Polish Academy of Sciences Technical Sciences,China,High income,Mixed sources,Not Reported,2017 to 2018,City level,Urban,Multi-View Spatial-Temporal Learning (MV-STL).,Deep learning,Temporal risk prediction,Fixed split,Yes-SMOTE,Yes,Deformable Convolutional Networks (DCN) to learn dynamic spatial dependencies.,Hourly,Grid-based urban regions,Combined spatiotemporal,Evaluated through RMSE and Recall.,Not Reported,Not Reported,Not Reported,Yes,Yes,Not Reported,Not Reported,MV-STL (Outperformed baseline models like GSNet and RiskOracle).,No,No,Partially,"The method of augmenting spatial semantic information is highly relevant for modeling accident risks in complex, high-density urban environments like Dhaka.",Low risk,Low risk,Low risk,Low risk,Low risk,Not Reported,"The study proposed the MV-STL method, which uses deformable convolutions and learnable semantic embeddings to capture dynamic spatial-temporal evolution in traffic accidents. The model successfully represents the driving mechanisms of accidents from multiple views, significantly improving predictive accuracy over existing deep learning models.",,,,,,,,,,
327,Ma 2026,Modeling Road User Interactions with Dynamic Graph Attention Networks for Traffic Crash Prediction,Sarbajit Paul Bappy,"Modeling Road User Interactions with Dynamic Graph Attention
Networks for Traffic Crash Prediction",Shihan Ma et al.,2026,Applied Sciences,United States,High income,Sensor or telematics data,"56,128 samples",Not Reported,Other: Simulated urban driving environments,Urban,Dynamic Graph Attention Network (GAT) and Long Short-Term Memory (LSTM),Deep learning,Accident occurrence prediction,Fixed split,Yes-undersampling,Yes,Graph-based representation where nodes represent road users and edges represent spatial proximity/interactions,Not specified,Individual road user level (vehicle-to-vehicle/vehicle-to-infrastructure),Combined spatiotemporal,Yes (86.1%),Yes (0.931),Yes (0.860),Yes (0.871),Yes (0.848),Not Reported,Not Reported,Not Reported,Proposed GAT-based model,No,No,No,"While not explicitly mentioned, the focus on modeling complex multi-agent interactions (vehicles, cyclists, pedestrians) is highly relevant to the heterogeneous traffic found in Bangladesh.",Low risk,Low risk,Low risk,Low risk,Low risk,"(1) Relies on simulated data which may not fully capture the ""noise"" of real-world sensors; (2) The fixed interaction thresholds (time/distance) may be too rigid for all scenarios.","The paper introduces a dynamic Graph Attention Network that abstracts road users as nodes and their interactions as edges to predict crashes. By combining node-wise LSTMs for temporal data and GATs for spatial interactions, the model achieves 86.1% accuracy. The study demonstrates that modeling road user interactions as a spatiotemporal graph significantly improves the ability to identify pre-crash risks compared to traditional models.",,,,,,,,,,
327,Ma 2026,Modeling Road User Interactions with Dynamic Graph Attention Networks for Traffic Crash Prediction,Consensus,"Modeling Road User Interactions with Dynamic Graph Attention
Networks for Traffic Crash Prediction",Shihan Ma et al.,2026,Applied Sciences,United States,High income,Sensor or telematics data,"56,128 samples",Not Reported,Other: Simulated urban driving environments,Urban,Dynamic Graph Attention Network (GAT) and Long Short-Term Memory (LSTM),Deep learning,Accident occurrence prediction,Fixed split,Yes-undersampling,Yes,Graph-based representation where nodes represent road users and edges represent spatial proximity/interactions,Not specified,Individual road user level (vehicle-to-vehicle/vehicle-to-infrastructure),Combined spatiotemporal,Yes (86.1%),Yes (0.931),Yes (0.860),Yes (0.871),Yes (0.848),Not Reported,Not Reported,Not Reported,Proposed GAT-based model,No,No,No,"While not explicitly mentioned, the focus on modeling complex multi-agent interactions (vehicles, cyclists, pedestrians) is highly relevant to the heterogeneous traffic found in Bangladesh.",Low risk,Low risk,Low risk,Low risk,Low risk,"(1) Relies on simulated data which may not fully capture the ""noise"" of real-world sensors; (2) The fixed interaction thresholds (time/distance) may be too rigid for all scenarios.","The paper introduces a dynamic Graph Attention Network that abstracts road users as nodes and their interactions as edges to predict crashes. By combining node-wise LSTMs for temporal data and GATs for spatial interactions, the model achieves 86.1% accuracy. The study demonstrates that modeling road user interactions as a spatiotemporal graph significantly improves the ability to identify pre-crash risks compared to traditional models.",,,,,,,,,,
296,Chango 2026,SARIMA vs. Prophet: Comparative Efficacy in Forecasting Traffic Accidents Across Ecuadorian Provinces,Sarbajit Paul Bappy,SARIMA vs. Prophet: Comparative Efficacy in Forecasting Traffic Accidents Across Ecuadorian Provinces,W. Chango et al.,2025,Computation (MDPI),Ecuador,Upper-middle income,Other: Official government records (National Institute of Statistics and Censuses - INEC and the National Transit Agency - ANT),Monthly records of traffic accidents for the 24 provinces of Ecuador,2014 to 2023,National level,Not specified,Seasonal Autoregressive Integrated Moving Average (SARIMA) and Facebook Prophet,Traditional ML,Temporal risk prediction,Time-based split,Not reported,Yes,Comparative analysis across different geographical provinces,Monthly,Province,Temporal only,Evaluated through error metrics,Not Reported,Not Reported,Not Reported,Not Reported,118.81,91.56,MAPE (Mean Absolute Percentage Error) and R-squared ($R^2$),SARIMA (Generally outperformed Prophet in terms of lower MAE and RMSE across the majority of provinces),No,Yes,Yes,The comparative efficacy of SARIMA vs. Prophet in an upper-middle-income setting provides a valuable benchmark for seasonal accident forecasting in other developing nations with similar data constraints.,Low risk,Low risk,Low risk,Low risk,Low risk,The models rely primarily on historical patterns and may not fully account for sudden external shocks (like significant policy changes or major infrastructure projects) unless explicitly modeled,"SARIMA demonstrated superior precision in forecasting monthly traffic accidents compared to Prophet. The study highlights that while both models are effective, SARIMA's ability to handle specific seasonal variations made it more reliable for the majority of Ecuadorian provinces.",,,,,,,,,,
296,Chango 2026,SARIMA vs. Prophet: Comparative Efficacy in Forecasting Traffic Accidents Across Ecuadorian Provinces,Consensus,SARIMA vs. Prophet: Comparative Efficacy in Forecasting Traffic Accidents Across Ecuadorian Provinces,W. Chango et al.,2025,Computation (MDPI),Ecuador,Upper-middle income,Other: Official government records (National Institute of Statistics and Censuses - INEC and the National Transit Agency - ANT),Monthly records of traffic accidents for the 24 provinces of Ecuador,2014 to 2023,National level,Not specified,Seasonal Autoregressive Integrated Moving Average (SARIMA) and Facebook Prophet,Traditional ML,Temporal risk prediction,Time-based split,Not reported,Yes,Comparative analysis across different geographical provinces,Monthly,Province,Temporal only,Evaluated through error metrics,Not Reported,Not Reported,Not Reported,Not Reported,118.81,91.56,MAPE (Mean Absolute Percentage Error) and R-squared ($R^2$),SARIMA (Generally outperformed Prophet in terms of lower MAE and RMSE across the majority of provinces),No,Yes,Yes,The comparative efficacy of SARIMA vs. Prophet in an upper-middle-income setting provides a valuable benchmark for seasonal accident forecasting in other developing nations with similar data constraints.,Low risk,Low risk,Low risk,Low risk,Low risk,The models rely primarily on historical patterns and may not fully account for sudden external shocks (like significant policy changes or major infrastructure projects) unless explicitly modeled,"SARIMA demonstrated superior precision in forecasting monthly traffic accidents compared to Prophet. The study highlights that while both models are effective, SARIMA's ability to handle specific seasonal variations made it more reliable for the majority of Ecuadorian provinces.",,,,,,,,,,
276,Bu 2025,DiffG-MTL: A Dynamic Multidiffusion Graph Network for Multitask Traffic Accident Prediction,Sarbajit Paul Bappy,DiffG-MTL: A Dynamic Multidiffusion Graph Network for Multitask Traffic Accident Prediction,Nana Bu et al.,2025,International Journal of Intelligent Systems,China,High income,Mixed sources,"Not explicitly stated as a total count, but covers comprehensive city-wide data with multiple urban features.",2017 to 2019,City level,Urban,DiffG-MTL (Dynamic Multidiffusion Graph Network for Multitask Learning).,Deep learning,Mixed,Fixed split,Yes-SMOTE,Yes,Dynamic Multidiffusion Graph Network (captures both global dependencies and local propagation).,Hourly,Grid-based urban regions,Combined spatiotemporal,"Evaluated via RMSE, MAE, and Recall.",Not Reported,Not Reported,Not Reported,Yes,Yes (Risk prediction metrics).,Yes (Severity prediction metrics).,Precision and Recall for severity classification.,DiffG-MTL significantly outperformed state-of-the-art models like GSNet and RiskOracle.,No,No,Partially,The dynamic graph approach is highly relevant for modeling nonstationary accident patterns in rapidly evolving urban centers like Dhaka.,Low risk,Low risk,Low risk,Low risk,Low risk,Complexity of dynamic graph generation may require significant computational resources.,"The study introduced DiffG-MTL, which uses dynamic graph topologies and a multidiffusion mechanism to capture the evolving propagation of accident risk. By employing multitask learning with dynamic weighting, the model successfully balances the prediction of accident occurrence and severity across diverse urban regions.",,,,,,,,,,
276,Bu 2025,DiffG-MTL: A Dynamic Multidiffusion Graph Network for Multitask Traffic Accident Prediction,Consensus,DiffG-MTL: A Dynamic Multidiffusion Graph Network for Multitask Traffic Accident Prediction,Nana Bu et al.,2025,International Journal of Intelligent Systems,China,High income,Mixed sources,"Not explicitly stated as a total count, but covers comprehensive city-wide data with multiple urban features.",2017 to 2019,City level,Urban,DiffG-MTL (Dynamic Multidiffusion Graph Network for Multitask Learning).,Deep learning,Mixed,Fixed split,Yes-SMOTE,Yes,Dynamic Multidiffusion Graph Network (captures both global dependencies and local propagation).,Hourly,Grid-based urban regions,Combined spatiotemporal,"Evaluated via RMSE, MAE, and Recall.",Not Reported,Not Reported,Not Reported,Yes,Yes (Risk prediction metrics).,Yes (Severity prediction metrics).,Precision and Recall for severity classification.,DiffG-MTL significantly outperformed state-of-the-art models like GSNet and RiskOracle.,No,No,Partially,The dynamic graph approach is highly relevant for modeling nonstationary accident patterns in rapidly evolving urban centers like Dhaka.,Low risk,Low risk,Low risk,Low risk,Low risk,Complexity of dynamic graph generation may require significant computational resources.,"The study introduced DiffG-MTL, which uses dynamic graph topologies and a multidiffusion mechanism to capture the evolving propagation of accident risk. By employing multitask learning with dynamic weighting, the model successfully balances the prediction of accident occurrence and severity across diverse urban regions.",,,,,,,,,,
275,Chen 2025,MobileNetV3–Transformer-Based Prediction of Highway Accident Severity,Sarbajit Paul Bappy,MobileNetV3–Transformer-Based Prediction of Highway Accident Severity,L. Chen et al.,2025,Applied Sciences (MDPI),China,Upper-middle income,Other: Official records (Hebei Provincial Highway Traffic Accident Dataset),"8,321 accident records",2021 to 2023,Regional level,Rural,"MobileNetV3-Transformer (Proposed), compared against MLP, SVM, RF, and XGBoost.",Deep learning,Severity classification,Fixed split,Yes-undersampling,Yes,Feature extraction of highway-specific environmental and road characteristics.,Hourly,Highway segments,Combined spatiotemporal,84.14%,Yes (0.89),Yes (0.83),Yes (0.84),Yes (0.83),No,No,G-mean (0.78),MobileNetV3-Transformer,No,Yes,Partially,"The use of a lightweight architecture (MobileNetV3) is highly relevant for Bangladesh, as it allows for high-performance severity prediction on mobile or edge devices with limited computational power.",Low risk,Low risk,Low risk,Low risk,Low risk,Focuses primarily on one province; suggests that expanding the variety of highway types and environmental factors would improve generalizability.,The study demonstrates that combining MobileNetV3 with a Transformer architecture effectively captures long-range dependencies in accident data while remaining computationally efficient. The proposed model significantly improved the identification of fatal and serious accidents compared to traditional machine learning methods.,,,,,,,,,,
275,Chen 2025,MobileNetV3–Transformer-Based Prediction of Highway Accident Severity,Consensus,MobileNetV3–Transformer-Based Prediction of Highway Accident Severity,L. Chen et al.,2025,Applied Sciences (MDPI),China,Upper-middle income,Other: Official records (Hebei Provincial Highway Traffic Accident Dataset),"8,321 accident records",2021 to 2023,Regional level,Rural,"MobileNetV3-Transformer (Proposed), compared against MLP, SVM, RF, and XGBoost.",Deep learning,Severity classification,Fixed split,Yes-undersampling,Yes,Feature extraction of highway-specific environmental and road characteristics.,Hourly,Highway segments,Combined spatiotemporal,84.14%,Yes (0.89),Yes (0.83),Yes (0.84),Yes (0.83),No,No,G-mean (0.78),MobileNetV3-Transformer,No,Yes,Partially,"The use of a lightweight architecture (MobileNetV3) is highly relevant for Bangladesh, as it allows for high-performance severity prediction on mobile or edge devices with limited computational power.",Low risk,Low risk,Low risk,Low risk,Low risk,Focuses primarily on one province; suggests that expanding the variety of highway types and environmental factors would improve generalizability.,The study demonstrates that combining MobileNetV3 with a Transformer architecture effectively captures long-range dependencies in accident data while remaining computationally efficient. The proposed model significantly improved the identification of fatal and serious accidents compared to traditional machine learning methods.,,,,,,,,,,
254,Liu 2023,Time and Distance Gaps of Primary-Secondary Crashes Prediction and Analysis Using Random Forests and SHAP Model,Sarbajit Paul Bappy,"Time and Distance Gaps of Primary-Secondary Crashes Prediction
and Analysis Using Random Forests and SHAP Model",Xinyuan Liu et al,2023,Journal of Advanced Transportation,United States,High income,Mixed sources,"24,643 total crashes, resulting in 368 identified secondary crashes (SCs)",June 2016 to December 2019,Regional level,Mixed,"Random Forests (RF), K-nearest neighbor (KNN), and Multilayer Perceptron Regression (MPR)",Ensemble,Temporal risk prediction,Fixed split,Not reported,Yes,Speed contour map-based method and fixed spatial threshold (2 miles),Hourly,Freeway mileposts/postmiles and latitude/longitude,Combined spatiotemporal,Not Reported,Not Reported,Not Reported,Not Reported,Not Reported,Not Reported,(RF Testing set: Time gap MAE = 0.46; Distance gap MAE = 0.45),MSE (RF Testing set: Time gap MSE = 0.31; Distance gap MSE = 0.31),Random Forests (RF),No,No,No,"The study notes that 19/05/2026 is the date the library was accessed from Bangladesh, but the data itself is California-specific.",Low risk,Low risk,Low risk,Low risk,Low risk,"1) Small sample size of 368 identified SCs; (2) Limited number of variables (17 used, lacking shoulder width or truck proportions); (3) Need for combining PC and SC characteristics in future work.","Traffic volume and lighting are the most significant factors influencing the time and distance between crashes. High traffic volume tends to increase (promote) both gaps, while dark environments (no streetlights) accelerate the occurrence of secondary crashes (shorten the time gap). Improper turns and unsafe lane changes are associated with larger distance and time gaps.",,,,,,,,,,
254,Liu 2023,Time and Distance Gaps of Primary-Secondary Crashes Prediction and Analysis Using Random Forests and SHAP Model,Consensus,"Time and Distance Gaps of Primary-Secondary Crashes Prediction
and Analysis Using Random Forests and SHAP Model",Xinyuan Liu et al,2023,Journal of Advanced Transportation,United States,High income,Mixed sources,"24,643 total crashes, resulting in 368 identified secondary crashes (SCs)",June 2016 to December 2019,Regional level,Mixed,"Random Forests (RF), K-nearest neighbor (KNN), and Multilayer Perceptron Regression (MPR)",Ensemble,Temporal risk prediction,Fixed split,Not reported,Yes,Speed contour map-based method and fixed spatial threshold (2 miles),Hourly,Freeway mileposts/postmiles and latitude/longitude,Combined spatiotemporal,Not Reported,Not Reported,Not Reported,Not Reported,Not Reported,Not Reported,(RF Testing set: Time gap MAE = 0.46; Distance gap MAE = 0.45),MSE (RF Testing set: Time gap MSE = 0.31; Distance gap MSE = 0.31),Random Forests (RF),No,No,No,"The study notes that 19/05/2026 is the date the library was accessed from Bangladesh, but the data itself is California-specific.",Low risk,Low risk,Low risk,Low risk,Low risk,"1) Small sample size of 368 identified SCs; (2) Limited number of variables (17 used, lacking shoulder width or truck proportions); (3) Need for combining PC and SC characteristics in future work.","Traffic volume and lighting are the most significant factors influencing the time and distance between crashes. High traffic volume tends to increase (promote) both gaps, while dark environments (no streetlights) accelerate the occurrence of secondary crashes (shorten the time gap). Improper turns and unsafe lane changes are associated with larger distance and time gaps.",,,,,,,,,,
236,Aldhari 2023,Severity Prediction of Highway Crashes in Saudi Arabia Using Machine Learning Techniques,Sarbajit Paul Bappy,Severity Prediction of Highway Crashes in Saudi Arabia Using Machine Learning Techniques,"Aldhari, I.; Almoshaogeh, M.; Jamal, A.; Alharbi, F.; Alinizzi, M.; Haider, H.",2023,Applied Sciences (MDPI),Saudi Arabia — Qassim Province specifically,High income,Police records,"number of accidents: 3,506 accidents — January 2017 to December 2019. Class breakdown: PDO = 1,726 (49.2%), Injury = 1,518 (43.3%), Death = 262 (7.5%)",January 2017 to December 2019 — three years,Regional level,Mixed,"XGBoost, Random Forest, Logistic Regression (used as baseline comparison). Both multi-class and binary classification modelling conducted.",Ensemble,Severity classification,k-fold cross validation,Yes-oversampling,Yes,"None. No GIS, no hotspot mapping, no spatial clustering, no kernel density estimation, no geographic information system analysis applied. Qassim Province defined as study area boundary only — no spatial analytical method used.",Not specified,Provincial level — Qassim Province as a whole. No sub-provincial spatial disaggregation.,Not applicable,Multi-class results — XGBoost (best model):71% Binary classification results — XGBoost (best model):94%,Multi-class results — XGBoost (best model):87% Binary classification results — XGBoost (best model):98%,Multi-class results — XGBoost (best model):70% Binary classification results — XGBoost (best model):94%,Multi-class results — XGBoost (best model):70% Binary classification results — XGBoost (best model):94%,Multi-class results — XGBoost (best model):71% Binary classification results — XGBoost (best model):94%,Not applicable ,Not applicable ,"Random Forest multi-class: accuracy 0.69, AUC 0.87. Random Forest binary: accuracy 0.90, AUC 0.97. Logistic Regression multi-class: accuracy 0.43, AUC 0.62. Logistic Regression binary: accuracy 0.65, AUC 0.70.",XGBoost — outperformed Random Forest and Logistic Regression in both multi-class and binary classification across all metrics,No,No,No,"Limited direct relevance. Saudi Arabia is a high-income country with very different road infrastructure, vehicle ownership patterns, and data quality compared to Bangladesh. However the XGBoost and SHAP methodology used here is directly applicable to Bangladesh — reference [46] in this paper's appendix is actually a Bangladesh study (Labib et al. 2019) using ML for road accident analysis in Bangladesh, which confirms this methodological approach has been attempted in the Bangladesh context. Worth noting for your synthesis tables when comparing algorithm performance across income groups.",High risk,Low risk,Low risk,Low risk,High risk,"All explanatory variables are categorical except number of vehicles involved — limits model flexibility
Absence of important variables: driver physiology, age, and gender not included in dataset
Data confidentiality — data cannot be publicly shared due to agreement with Ministry of Transport
Authors suggest investigating DNN or hybrid neural networks in future research","XGBoost outperformed Random Forest and Logistic Regression in both multi-class (accuracy 71%, AUC 0.87) and binary classification (accuracy 94%, AUC 0.98)
SHAP analysis identified consequence of accident and number of vehicles involved as primary predictors of PDO class
Main cause of accident followed by road type and lighting condition are most important for injury class
Month of year, day of week, and road type are most significant predictors of death class — temporal variables dominate fatal severity prediction
Accidents on highways are most fatal — highway road type consistently appears as a top predictor across severity classes
Summer months (June–July) and weekends (Friday–Saturday) show highest death severity probability in Saudi Arabia context
Binary classification dramatically outperforms multi-class — suggests PDO and Injury categories are difficult for ML to distinguish",,,,,,,,,,
236,Aldhari 2023,Severity Prediction of Highway Crashes in Saudi Arabia Using Machine Learning Techniques,Consensus,Severity Prediction of Highway Crashes in Saudi Arabia Using Machine Learning Techniques,"Aldhari, I.; Almoshaogeh, M.; Jamal, A.; Alharbi, F.; Alinizzi, M.; Haider, H.",2023,Applied Sciences (MDPI),Saudi Arabia — Qassim Province specifically,High income,Police records,"number of accidents: 3,506 accidents — January 2017 to December 2019. Class breakdown: PDO = 1,726 (49.2%), Injury = 1,518 (43.3%), Death = 262 (7.5%)",January 2017 to December 2019 — three years,Regional level,Mixed,"XGBoost, Random Forest, Logistic Regression (used as baseline comparison). Both multi-class and binary classification modelling conducted.",Ensemble,Severity classification,k-fold cross validation,Yes-oversampling,Yes,"None. No GIS, no hotspot mapping, no spatial clustering, no kernel density estimation, no geographic information system analysis applied. Qassim Province defined as study area boundary only — no spatial analytical method used.",Not specified,Provincial level — Qassim Province as a whole. No sub-provincial spatial disaggregation.,Not applicable,Multi-class results — XGBoost (best model):71% Binary classification results — XGBoost (best model):94%,Multi-class results — XGBoost (best model):87% Binary classification results — XGBoost (best model):98%,Multi-class results — XGBoost (best model):70% Binary classification results — XGBoost (best model):94%,Multi-class results — XGBoost (best model):70% Binary classification results — XGBoost (best model):94%,Multi-class results — XGBoost (best model):71% Binary classification results — XGBoost (best model):94%,Not applicable ,Not applicable ,"Random Forest multi-class: accuracy 0.69, AUC 0.87. Random Forest binary: accuracy 0.90, AUC 0.97. Logistic Regression multi-class: accuracy 0.43, AUC 0.62. Logistic Regression binary: accuracy 0.65, AUC 0.70.",XGBoost — outperformed Random Forest and Logistic Regression in both multi-class and binary classification across all metrics,No,No,No,"Limited direct relevance. Saudi Arabia is a high-income country with very different road infrastructure, vehicle ownership patterns, and data quality compared to Bangladesh. However the XGBoost and SHAP methodology used here is directly applicable to Bangladesh — reference [46] in this paper's appendix is actually a Bangladesh study (Labib et al. 2019) using ML for road accident analysis in Bangladesh, which confirms this methodological approach has been attempted in the Bangladesh context. Worth noting for your synthesis tables when comparing algorithm performance across income groups.",High risk,Low risk,Low risk,Low risk,High risk,"All explanatory variables are categorical except number of vehicles involved — limits model flexibility
Absence of important variables: driver physiology, age, and gender not included in dataset
Data confidentiality — data cannot be publicly shared due to agreement with Ministry of Transport
Authors suggest investigating DNN or hybrid neural networks in future research","XGBoost outperformed Random Forest and Logistic Regression in both multi-class (accuracy 71%, AUC 0.87) and binary classification (accuracy 94%, AUC 0.98)
SHAP analysis identified consequence of accident and number of vehicles involved as primary predictors of PDO class
Main cause of accident followed by road type and lighting condition are most important for injury class
Month of year, day of week, and road type are most significant predictors of death class — temporal variables dominate fatal severity prediction
Accidents on highways are most fatal — highway road type consistently appears as a top predictor across severity classes
Summer months (June–July) and weekends (Friday–Saturday) show highest death severity probability in Saudi Arabia context
Binary classification dramatically outperforms multi-class — suggests PDO and Injury categories are difficult for ML to distinguish",,,,,,,,,,
194,Kim 2021,Risk prediction for winter road accidents on expressways,Sarbajit Paul Bappy,Risk Prediction for Winter Road Accidents on Expressways,Daeseong Kim et al,2021,Applied Sciences (MDPI),South Korea,High income,Mixed sources,"8,683 total highway accident records",2017 to 2019,National level,Rural,"Random Forest, eXtreme Gradient Boosting (XGBoost), Artificial Neural Network (ANN), and Logistic Regression",Traditional ML,Severity classification,Fixed split,Yes-SMOTE,Yes,"Spatial interpolation to estimate missing road-level weather metrics, alongside geographic information system (GIS) mapping for geometric extraction",Hourly,Expressway road link segments,Combined spatiotemporal,"Yes (Random Forest: 98.4%, XGBoost: 98.0%, Neural Network: 94.0%, Logistic Regression: 74.2% on test data)","es (Random Forest: 0.907, XGBoost: 0.898, Neural Network: 0.879, Logistic Regression: 0.790 on test data)","Yes (F-measure reported; Random Forest: 0.992, XGBoost: 0.990, Neural Network: 0.969, Logistic Regression: 0.847 on test data)",Not Reported,Not Reported,Not Reported,Not Reported,Kappa score (Random Forest: 0.658) and G-mean (Random Forest: 0.904),Random Forest model,No,No,No,Expressways in Bangladesh frequently struggle with dense fog and structural micro-climate swings during the winter months. Applying spatial interpolation architectures to bridge the lack of dense road-level weather infrastructure offers a highly valuable approach for local traffic safety organizations.,Low risk,Low risk,Low risk,Low risk,Low risk,"The weather parameters were generated via spatial estimation rather than collecting direct sensor parameters along the road surface, adding baseline uncertainty. Additionally, structural variables like driving speeds, pavement conditions, friction coefficients, and lane volumes were omitted.","The investigation confirms that Random Forest frameworks excel at mapping winter traffic hazards on expressway routes. While precipitation itself appeared less critical, high contextual relative humidity combined with dropping structural temperatures and steep rotation angles emerged as the prominent triggers for weather-related crashes.",,,,,,,,,,
194,Kim 2021,Risk prediction for winter road accidents on expressways,Consensus,Risk Prediction for Winter Road Accidents on Expressways,Daeseong Kim et al,2021,Applied Sciences (MDPI),South Korea,High income,Mixed sources,"8,683 total highway accident records",2017 to 2019,National level,Rural,"Random Forest, eXtreme Gradient Boosting (XGBoost), Artificial Neural Network (ANN), and Logistic Regression",Traditional ML,Severity classification,Fixed split,Yes-SMOTE,Yes,"Spatial interpolation to estimate missing road-level weather metrics, alongside geographic information system (GIS) mapping for geometric extraction",Hourly,Expressway road link segments,Combined spatiotemporal,"Yes (Random Forest: 98.4%, XGBoost: 98.0%, Neural Network: 94.0%, Logistic Regression: 74.2% on test data)","es (Random Forest: 0.907, XGBoost: 0.898, Neural Network: 0.879, Logistic Regression: 0.790 on test data)","Yes (F-measure reported; Random Forest: 0.992, XGBoost: 0.990, Neural Network: 0.969, Logistic Regression: 0.847 on test data)",Not Reported,Not Reported,Not Reported,Not Reported,Kappa score (Random Forest: 0.658) and G-mean (Random Forest: 0.904),Random Forest model,No,No,No,Expressways in Bangladesh frequently struggle with dense fog and structural micro-climate swings during the winter months. Applying spatial interpolation architectures to bridge the lack of dense road-level weather infrastructure offers a highly valuable approach for local traffic safety organizations.,Low risk,Low risk,Low risk,Low risk,Low risk,"The weather parameters were generated via spatial estimation rather than collecting direct sensor parameters along the road surface, adding baseline uncertainty. Additionally, structural variables like driving speeds, pavement conditions, friction coefficients, and lane volumes were omitted.","The investigation confirms that Random Forest frameworks excel at mapping winter traffic hazards on expressway routes. While precipitation itself appeared less critical, high contextual relative humidity combined with dropping structural temperatures and steep rotation angles emerged as the prominent triggers for weather-related crashes.",,,,,,,,,,
170,deMedrano 2021,A New Spatio-Temporal Neural Network Approach for Traffic Accident Forecasting,Sarbajit Paul Bappy,"
Time and Distance Gaps of Primary-Secondary Crashes Prediction and Analysis Using Random Forests and SHAP Model",X. Liu et al.,2023,Journal of Advanced Transportation,United States (,High income,Other: Official records (Iteris iPeMS database and high-resolution crash data),"1,215 secondary crash (SC) pairs",2017 to 2019,Regional level,Mixed,Random Forests (RF) and SHAP (SHapley Additive exPlanations).,Traditional ML,Mixed,Fixed split,Not reported,Yes,Distance gap modeling between primary and secondary crashes.,Hourly,Road segments/Crash locations,Combined spatiotemporal,Evaluated through error metrics for regression,Not Reported,Not Reported,Not Reported,Not Reported,Yes (Root Mean Square Error),Yes (Mean Absolute Error),R-squared ,Random Forest combined with SHAP provided both high predictive performance and model transparency.,No,No,Partially,"The analysis of how primary accidents induce secondary crashes is highly relevant for traffic management in Dhaka, where high-density traffic often leads to chain-reaction incidents.",Low risk,Low risk,Low risk,Low risk,Low risk,The study is limited to the Virginia region; future work should consider broader geographic datasets to improve the generalizability of the time and distance gap predictions.,"The study developed a data-driven method using Random Forests and SHAP to predict and analyze the time and distance gaps between primary and secondary crashes. Significant factors influencing these gaps include the duration of the primary crash, traffic volume, and road geometry, providing critical insights for improving emergency response and preventing secondary incidents.",,,,,,,,,,
170,deMedrano 2021,A New Spatio-Temporal Neural Network Approach for Traffic Accident Forecasting,Consensus,"
Time and Distance Gaps of Primary-Secondary Crashes Prediction and Analysis Using Random Forests and SHAP Model",X. Liu et al.,2023,Journal of Advanced Transportation,United States (,High income,Other: Official records (Iteris iPeMS database and high-resolution crash data),"1,215 secondary crash (SC) pairs",2017 to 2019,Regional level,Mixed,Random Forests (RF) and SHAP (SHapley Additive exPlanations).,Traditional ML,Mixed,Fixed split,Not reported,Yes,Distance gap modeling between primary and secondary crashes.,Hourly,Road segments/Crash locations,Combined spatiotemporal,Evaluated through error metrics for regression,Not Reported,Not Reported,Not Reported,Not Reported,Yes (Root Mean Square Error),Yes (Mean Absolute Error),R-squared ,Random Forest combined with SHAP provided both high predictive performance and model transparency.,No,No,Partially,"The analysis of how primary accidents induce secondary crashes is highly relevant for traffic management in Dhaka, where high-density traffic often leads to chain-reaction incidents.",Low risk,Low risk,Low risk,Low risk,Low risk,The study is limited to the Virginia region; future work should consider broader geographic datasets to improve the generalizability of the time and distance gap predictions.,"The study developed a data-driven method using Random Forests and SHAP to predict and analyze the time and distance gaps between primary and secondary crashes. Significant factors influencing these gaps include the duration of the primary crash, traffic volume, and road geometry, providing critical insights for improving emergency response and preventing secondary incidents.",,,,,,,,,,
154,deZarzà 2023,LLM Multimodal Traffic Accident Forecasting,Sarbajit Paul Bappy,LLM Multimodal Traffic Accident Forecasting,I. de Zarzà et al.,2023,Sensors (MDPI),Not Reported,,Mixed sources,Not Reported,Not Reported,Multi-country,Mixed,"Large Language Models (LLMs) integrated with multimodal encoders (e.g., LLaVA, CLIP-based architectures).",Deep learning,Temporal risk prediction,Fixed split,Not reported,Yes,Visual encoders for spatial feature extraction and object relationship modeling.,Not specified,Ego-vehicle perspective,Combined spatiotemporal,Evaluated through zero-shot and fine-tuned forecasting benchmark,Not Reported,Not Reported,Not Reported,Not Reported,Not Reported,Not Reported,Time-to-Accident (TTA) and Mean Average Precision (mAP) for detection/forecasting.,Multimodal LLM fine-tuned for traffic scene understanding.,No,No,Yes,"The ability of LLMs to perform zero-shot reasoning in complex traffic environments is highly promising for Bangladesh, where locally annotated video data for every possible road scenario may be scarce.",Low risk,Low risk,Low risk,Low risk,Low risk,Computational resources required for fine-tuning large foundation models and the need for high-quality multimodal alignment.,The study demonstrates that Multimodal Large Language Models can effectively forecast traffic accidents by integrating visual perception with semantic reasoning. This approach allows for zero-shot generalization to new environments and provides a more interpretable framework for understanding the causal factors of road incidents.,,,,,,,,,,
154,deZarzà 2023,LLM Multimodal Traffic Accident Forecasting,Consensus,LLM Multimodal Traffic Accident Forecasting,I. de Zarzà et al.,2023,Sensors (MDPI),Not Reported,,Mixed sources,Not Reported,Not Reported,Multi-country,Mixed,"Large Language Models (LLMs) integrated with multimodal encoders (e.g., LLaVA, CLIP-based architectures).",Deep learning,Temporal risk prediction,Fixed split,Not reported,Yes,Visual encoders for spatial feature extraction and object relationship modeling.,Not specified,Ego-vehicle perspective,Combined spatiotemporal,Evaluated through zero-shot and fine-tuned forecasting benchmark,Not Reported,Not Reported,Not Reported,Not Reported,Not Reported,Not Reported,Time-to-Accident (TTA) and Mean Average Precision (mAP) for detection/forecasting.,Multimodal LLM fine-tuned for traffic scene understanding.,No,No,Yes,"The ability of LLMs to perform zero-shot reasoning in complex traffic environments is highly promising for Bangladesh, where locally annotated video data for every possible road scenario may be scarce.",Low risk,Low risk,Low risk,Low risk,Low risk,Computational resources required for fine-tuning large foundation models and the need for high-quality multimodal alignment.,The study demonstrates that Multimodal Large Language Models can effectively forecast traffic accidents by integrating visual perception with semantic reasoning. This approach allows for zero-shot generalization to new environments and provides a more interpretable framework for understanding the causal factors of road incidents.,,,,,,,,,,
153,ArunPrasath 2020,Bounded memory based frequent pattern growth approach with deep neural network and decision tree for road accident prediction,Sarbajit Paul Bappy,"BOUNDED MEMORY BASED 
FREQUENT PATTERN GROWTH 
APPROACH WITH DEEP NEURAL 
NETWORK AND DECISION TREE FOR 
ROAD ACCIDENT PREDICTION",Arun Prasath et al,2020,Indian Journal of Computer Science and Engineering (IJCSE),India,Lower-middle income,"Other: Not explicitly detailed in the abstract, but indicates usage of accident locations and attributes for mining.",Not Recorded,Not Recorded,Regional level,Not specified,"Bounded Frequent Pattern-growth (Bounded FP-growth), Deep Neural Network J48 (DNNJ48), and J48 (Decision Tree).",Hybrid,Mixed,Not reported,Not reported,Not reported,Frequent Pattern-growth to categorize accident locations.,Not specified,Accident locations.,Combined spatiotemporal,Not Recorded,Not Recorded,Not Recorded,Not Recorded,Not Recorded,Not Recorded,Not Recorded,Support values (used to identify attributes for the DNNJ48),"The study introduces ""Bounded FP-growth"" combined with ""DNNJ48"" as the optimized approach.",No,Yes,No,The methodology for optimizing memory management in accident prediction is highly relevant for researchers in LMICs like Bangladesh who may be working with limited computational infrastructure.,Unclear risk,Unclear risk,Low risk,Low risk,Low risk,FP-growth traditionally has poor spatial and temporal locality issues and high memory consumption.,"The study developed a ""Bounded FP-growth"" algorithm that uses specialized memory management to save portions of the tree to secondary memory, optimizing spatial and temporal locality for accident location categorization. These patterns are then processed using a Deep Neural Network J48 (DNNJ48) for classification.",,,,,,,,,,
153,ArunPrasath 2020,Bounded memory based frequent pattern growth approach with deep neural network and decision tree for road accident prediction,Consensus,"BOUNDED MEMORY BASED 
FREQUENT PATTERN GROWTH 
APPROACH WITH DEEP NEURAL 
NETWORK AND DECISION TREE FOR 
ROAD ACCIDENT PREDICTION",Arun Prasath et al,2020,Indian Journal of Computer Science and Engineering (IJCSE),India,Lower-middle income,"Other: Not explicitly detailed in the abstract, but indicates usage of accident locations and attributes for mining.",Not Recorded,Not Recorded,Regional level,Not specified,"Bounded Frequent Pattern-growth (Bounded FP-growth), Deep Neural Network J48 (DNNJ48), and J48 (Decision Tree).",Hybrid,Mixed,Not reported,Not reported,Not reported,Frequent Pattern-growth to categorize accident locations.,Not specified,Accident locations.,Combined spatiotemporal,Not Recorded,Not Recorded,Not Recorded,Not Recorded,Not Recorded,Not Recorded,Not Recorded,Support values (used to identify attributes for the DNNJ48),"The study introduces ""Bounded FP-growth"" combined with ""DNNJ48"" as the optimized approach.",No,Yes,No,The methodology for optimizing memory management in accident prediction is highly relevant for researchers in LMICs like Bangladesh who may be working with limited computational infrastructure.,Unclear risk,Unclear risk,Low risk,Low risk,Low risk,FP-growth traditionally has poor spatial and temporal locality issues and high memory consumption.,"The study developed a ""Bounded FP-growth"" algorithm that uses specialized memory management to save portions of the tree to secondary memory, optimizing spatial and temporal locality for accident location categorization. These patterns are then processed using a Deep Neural Network J48 (DNNJ48) for classification.",,,,,,,,,,
141,Ogungbire 2025,Spatiotemporal Risk Mapping of Statewide Weather-related Traffic Crashes: A Machine Learning Approach,Sarbajit Paul Bappy,"Spatiotemporal Risk Mapping of Statewide Weather-related Traffic Crashes: 
A Machine Learning Approach",Ogungbire et al.,2025,Machine Learning with Applications,USA,High income,Mixed sources,"238,252 weather-related crashes","January 1, 2015, to December 31, 2018",Regional level,Mixed,"XGBoost, Dynamic Time Warping (DTW), and Getis-Ord $Gi^{*}$ statistics",Hybrid,Mixed,Fixed split,Yes-oversampling,Yes,Space-time cubes with 5 mi x 5 mi grid size,Monthly,5 mi x 5 mi grid cells,Combined spatiotemporal,Not Reported,1.00 for Cluster 1 (high-risk) and 0.95 for Cluster 2 in the tuned model,Not reported,Not reported,Not reported,Not reported,Not reported,Silhouette score of 0.66 for clustering quality,Tuned XGBoost model,No,No,No,"The study highlights the impact of ""unclear, foggy, and cloudy"" weather on crash risk, which is highly relevant to Bangladesh's seasonal fog issues. It also notes that driver unpreparedness for rare weather events (like snow in NC) leads to higher severity, which parallels risks in LMICs when infrastructure or drivers face unseasonal extreme weather.",,,,,,"Identified hotspots were not yet explicitly confirmed by official transport agencies,Complexity of modeling non-homogeneous data across large geographic areas.","The study identified three distinct crash risk clusters: volatile high-risk (peaks in colder months), gradually increasing low-risk, and stable low-risk. High-risk zones were most strongly influenced by ""no passing zones,"" poor lighting, and yield-controlled intersections. Using SHAP, the authors demonstrated that traffic control efficiency (like stop-and-go signals) varies non-linearly with weather conditions like rain.",,,,,,,,,,
141,Ogungbire 2025,Spatiotemporal Risk Mapping of Statewide Weather-related Traffic Crashes: A Machine Learning Approach,Consensus,"Spatiotemporal Risk Mapping of Statewide Weather-related Traffic Crashes: 
A Machine Learning Approach",Ogungbire et al.,2025,Machine Learning with Applications,USA,High income,Mixed sources,"238,252 weather-related crashes","January 1, 2015, to December 31, 2018",Regional level,Mixed,"XGBoost, Dynamic Time Warping (DTW), and Getis-Ord $Gi^{*}$ statistics",Hybrid,Mixed,Fixed split,Yes-oversampling,Yes,Space-time cubes with 5 mi x 5 mi grid size,Monthly,5 mi x 5 mi grid cells,Combined spatiotemporal,Not Reported,1.00 for Cluster 1 (high-risk) and 0.95 for Cluster 2 in the tuned model,Not reported,Not reported,Not reported,Not reported,Not reported,Silhouette score of 0.66 for clustering quality,Tuned XGBoost model,No,No,No,"The study highlights the impact of ""unclear, foggy, and cloudy"" weather on crash risk, which is highly relevant to Bangladesh's seasonal fog issues. It also notes that driver unpreparedness for rare weather events (like snow in NC) leads to higher severity, which parallels risks in LMICs when infrastructure or drivers face unseasonal extreme weather.",,,,,,"Identified hotspots were not yet explicitly confirmed by official transport agencies,Complexity of modeling non-homogeneous data across large geographic areas.","The study identified three distinct crash risk clusters: volatile high-risk (peaks in colder months), gradually increasing low-risk, and stable low-risk. High-risk zones were most strongly influenced by ""no passing zones,"" poor lighting, and yield-controlled intersections. Using SHAP, the authors demonstrated that traffic control efficiency (like stop-and-go signals) varies non-linearly with weather conditions like rain.",,,,,,,,,,
135,Girija 2024,Deep Learning-Based Traffic Accident Prediction: An Investigative Study for Enhanced Road Safety,Sarbajit Paul Bappy,Deep Learning-Based Traffic Accident Prediction: An Investigative Study for Enhanced Road Safety,M. Girija et al.,2024,EAI Endorsed Transactions on Internet of Things,India,Lower-middle income,Mixed sources,Not Reported,Not Reported,Other: Not Reported,Urban,Deep Learning-based technique integrated with the Deep SORT algorithm for real-time tracking.,Deep learning,Mixed,Not reported,Not reported,Not reported,Real-time tracking and monitoring technologies to examine movement patterns.,Hourly,Road network,Combined spatiotemporal,Not Reported,Not Reported,Not Reported,Not Reported,Not Reported,Not Reported,Not Reported,Not Reported,Deep learning-based model integrated with real-time tracking.,No,Yes,Partially,The use of real-time monitoring and deep learning to identify unsafe movement patterns is highly relevant for the chaotic and mixed traffic environments in Bangladesh’s major cities.,Low risk,Low risk,Low risk,Low risk,Low risk,Not Reported,"This research developed a deep learning-based technique that utilizes a variety of environmental and behavioral data to predict traffic accidents. By integrating real-time tracking technologies like Deep SORT, the model can examine movement patterns to proactively identify risks and reduce the global impact of accidents on life and property.",,,,,,,,,,
135,Girija 2024,Deep Learning-Based Traffic Accident Prediction: An Investigative Study for Enhanced Road Safety,Consensus,Deep Learning-Based Traffic Accident Prediction: An Investigative Study for Enhanced Road Safety,M. Girija et al.,2024,EAI Endorsed Transactions on Internet of Things,India,Lower-middle income,Mixed sources,Not Reported,Not Reported,Other: Not Reported,Urban,Deep Learning-based technique integrated with the Deep SORT algorithm for real-time tracking.,Deep learning,Mixed,Not reported,Not reported,Not reported,Real-time tracking and monitoring technologies to examine movement patterns.,Hourly,Road network,Combined spatiotemporal,Not Reported,Not Reported,Not Reported,Not Reported,Not Reported,Not Reported,Not Reported,Not Reported,Deep learning-based model integrated with real-time tracking.,No,Yes,Partially,The use of real-time monitoring and deep learning to identify unsafe movement patterns is highly relevant for the chaotic and mixed traffic environments in Bangladesh’s major cities.,Low risk,Low risk,Low risk,Low risk,Low risk,Not Reported,"This research developed a deep learning-based technique that utilizes a variety of environmental and behavioral data to predict traffic accidents. By integrating real-time tracking technologies like Deep SORT, the model can examine movement patterns to proactively identify risks and reduce the global impact of accidents on life and property.",,,,,,,,,,
131,Pan 2025,CrackLite-Net: A Sustainable Transportation-Oriented Real-Time Lightweight Network for Adaptive Road Crack Detection,Sarbajit Paul Bappy,"CrackLite-Net: A Sustainable Transportation-Oriented Real-Time
Lightweight Network for Adaptive Road Crack Detection",Pan et al.,2025,Sustainability,China,Upper-middle income,Sensor or telematics data,"Detects road surface damage: 5,000 images in LCrack dataset and 6,000 images from RDD2022",March 2025 (for LCrack dataset collection),City level,Urban,CrackLite-Net (an improved variant of YOLO12n),Deep learning,"Other: Road crack detection/Pavement distress classification: longitudinal, transverse, alligator cracks, and potholes",Fixed split,Not reported,Yes,Adaptive multi-scale feature integration using SAFPN and GhostPercepC2f backbone with axis-aware attention,Not specified,Not Reported,Spatial only,Precision: 92.4% (on LCrack dataset),Not Reported,88.7% (on LCrack dataset); 58.6% (on RDD2022),92.4%,85.2%,Not Reported,Not Reported,"mAP: 92.3% to 93.3% ,  Parameters: 2.2 M  , Speed: 132 FPS ",CrackLite-Net,No,Yes,Partially,The emphasis on lightweight models deployable on inexpensive drones is applicable to Bangladesh's road maintenance needs where high-end inspection vehicles may be too costly for widespread use.,Low risk,Low risk,Low risk,Low risk,Low risk,"Difficulty detecting extremely fine or heavily occluded cracks  , Potential for false positives in low-contrast textures  , Lack of temporal cues for continuous monitoring,   Lowest performance observed on alligator cracks due to irregular morphology","CrackLite-Net delivers a highly efficient solution for road maintenance, achieving a significant balance between detection accuracy (92.3% mAP) and computational cost (2.2 M parameters). It outperforms standard models like YOLO12 by improving feature perception and multi-scale fusion while being fast enough for real-time UAV deployment.",,,,,,,,,,
131,Pan 2025,CrackLite-Net: A Sustainable Transportation-Oriented Real-Time Lightweight Network for Adaptive Road Crack Detection,Consensus,"CrackLite-Net: A Sustainable Transportation-Oriented Real-Time
Lightweight Network for Adaptive Road Crack Detection",Pan et al.,2025,Sustainability,China,Upper-middle income,Sensor or telematics data,"Detects road surface damage: 5,000 images in LCrack dataset and 6,000 images from RDD2022",March 2025 (for LCrack dataset collection),City level,Urban,CrackLite-Net (an improved variant of YOLO12n),Deep learning,"Other: Road crack detection/Pavement distress classification: longitudinal, transverse, alligator cracks, and potholes",Fixed split,Not reported,Yes,Adaptive multi-scale feature integration using SAFPN and GhostPercepC2f backbone with axis-aware attention,Not specified,Not Reported,Spatial only,Precision: 92.4% (on LCrack dataset),Not Reported,88.7% (on LCrack dataset); 58.6% (on RDD2022),92.4%,85.2%,Not Reported,Not Reported,"mAP: 92.3% to 93.3% ,  Parameters: 2.2 M  , Speed: 132 FPS ",CrackLite-Net,No,Yes,Partially,The emphasis on lightweight models deployable on inexpensive drones is applicable to Bangladesh's road maintenance needs where high-end inspection vehicles may be too costly for widespread use.,Low risk,Low risk,Low risk,Low risk,Low risk,"Difficulty detecting extremely fine or heavily occluded cracks  , Potential for false positives in low-contrast textures  , Lack of temporal cues for continuous monitoring,   Lowest performance observed on alligator cracks due to irregular morphology","CrackLite-Net delivers a highly efficient solution for road maintenance, achieving a significant balance between detection accuracy (92.3% mAP) and computational cost (2.2 M parameters). It outperforms standard models like YOLO12 by improving feature perception and multi-scale fusion while being fast enough for real-time UAV deployment.",,,,,,,,,,
127,Chaoura 2025,Enhancing Emergency Response in Road Accidents: A Severity Prediction Framework Using RF-RFE and Deep Learning Model,Sarbajit Paul Bappy,Enhancing Emergency Response in Road Accidents: A Severity Prediction Framework Using RF-RFE and Deep Learning Model,C. Chaoura et al.,2025,IEEE Access,France,High income,Other: Official government records (National multi-source accident data from France),Not Reported,Not Reported,National level,Urban,Deep Learning (DL) model and Random Forest Recursive Feature Elimination (RF-RFE).,Deep learning,Severity classification,Not reported,Yes-undersampling,Not reported,Analysis of road conditions and urban-specific accident factors.,Not specified,Not Reported,Combined spatiotemporal,Not Reported,Not Reported,Not Reported,Not Reported,Not Reported,Not Reported,Not Reported,Feature importance (via RF-RFE).,The deep learning model combined with RF-RFE feature selection is proposed as the optimal framework for prioritizing severe accidents.,No,No,Partially,The methodology for selecting key features and addressing imbalanced datasets to prioritize medical interventions is highly relevant for optimizing limited emergency resources in Bangladesh.,Low risk,Low risk,Low risk,Low risk,Low risk,Not Reported,"The study developed a framework using RF-RFE for feature selection and deep learning to prioritize severe road accidents. By focusing on high-impact cases, the model supports faster ambulance dispatch and improved medical intervention strategies in complex urban environments.",,,,,,,,,,
127,Chaoura 2025,Enhancing Emergency Response in Road Accidents: A Severity Prediction Framework Using RF-RFE and Deep Learning Model,Consensus,Enhancing Emergency Response in Road Accidents: A Severity Prediction Framework Using RF-RFE and Deep Learning Model,C. Chaoura et al.,2025,IEEE Access,France,High income,Other: Official government records (National multi-source accident data from France),Not Reported,Not Reported,National level,Urban,Deep Learning (DL) model and Random Forest Recursive Feature Elimination (RF-RFE).,Deep learning,Severity classification,Not reported,Yes-undersampling,Not reported,Analysis of road conditions and urban-specific accident factors.,Not specified,Not Reported,Combined spatiotemporal,Not Reported,Not Reported,Not Reported,Not Reported,Not Reported,Not Reported,Not Reported,Feature importance (via RF-RFE).,The deep learning model combined with RF-RFE feature selection is proposed as the optimal framework for prioritizing severe accidents.,No,No,Partially,The methodology for selecting key features and addressing imbalanced datasets to prioritize medical interventions is highly relevant for optimizing limited emergency resources in Bangladesh.,Low risk,Low risk,Low risk,Low risk,Low risk,Not Reported,"The study developed a framework using RF-RFE for feature selection and deep learning to prioritize severe road accidents. By focusing on high-impact cases, the model supports faster ambulance dispatch and improved medical intervention strategies in complex urban environments.",,,,,,,,,,
118,Normatova 2025,Road traffic accident classification using a sparse video transformer and adaptive fragmentation,Sarbajit Paul Bappy,Road traffic accident classification using a sparse video transformer and adaptive fragmentation,Normatova et al.,2025,Herald of Advanced Information Technology,Ukraine,Lower-middle income,Sensor or telematics data,"1,500 accident videos (and 3,000 normal videos)",Not Reported,Other: Video-based dataset evaluation,Mixed,"Sparse Video Transformer (Adaptive-Sparse-ViT), Vision Transformers (ViT), and Temporal Segment Network (TSN with ResNet-18)",Ensemble,Accident occurrence prediction,Fixed split,Yes-SMOTE,Yes,Adaptive fragmentation guided by Farnebäck optical flow (8/16/32 pixel patches),Not specified,Not Reported,Combined spatiotemporal,0.864,Not Reported,0.851 (Macro-F1),0.845,0.860,Not Reported,Not Reported,Inference speed: ~12-18 FPS on CPU and 220-280 FPS on GPU,Adaptive-Sparse-ViT (proposed method),No,Yes,Partially,"The focus on ""CPU-friendly"" and ""lightweight"" architectures is highly relevant for resource-constrained environments like Bangladesh where expensive GPU infrastructure may not be widely available for all traffic monitoring points.",Low risk,Low risk,Low risk,Low risk,Low risk,"Dependence on optical flow quality in low-motion scenes, Preprocessing overhead for flow map computation ","The Adaptive-Sparse-ViT reduces token processing by 30-60% by focusing on motion-intensive regions. This allows the model to outperform uniform-patch transformers and traditional CNNs in both accuracy (0.864) and inference speed, particularly on CPUs.",,,,,,,,,,
118,Normatova 2025,Road traffic accident classification using a sparse video transformer and adaptive fragmentation,Consensus,Road traffic accident classification using a sparse video transformer and adaptive fragmentation,Normatova et al.,2025,Herald of Advanced Information Technology,Ukraine,Lower-middle income,Sensor or telematics data,"1,500 accident videos (and 3,000 normal videos)",Not Reported,Other: Video-based dataset evaluation,Mixed,"Sparse Video Transformer (Adaptive-Sparse-ViT), Vision Transformers (ViT), and Temporal Segment Network (TSN with ResNet-18)",Ensemble,Accident occurrence prediction,Fixed split,Yes-SMOTE,Yes,Adaptive fragmentation guided by Farnebäck optical flow (8/16/32 pixel patches),Not specified,Not Reported,Combined spatiotemporal,0.864,Not Reported,0.851 (Macro-F1),0.845,0.860,Not Reported,Not Reported,Inference speed: ~12-18 FPS on CPU and 220-280 FPS on GPU,Adaptive-Sparse-ViT (proposed method),No,Yes,Partially,"The focus on ""CPU-friendly"" and ""lightweight"" architectures is highly relevant for resource-constrained environments like Bangladesh where expensive GPU infrastructure may not be widely available for all traffic monitoring points.",Low risk,Low risk,Low risk,Low risk,Low risk,"Dependence on optical flow quality in low-motion scenes, Preprocessing overhead for flow map computation ","The Adaptive-Sparse-ViT reduces token processing by 30-60% by focusing on motion-intensive regions. This allows the model to outperform uniform-patch transformers and traditional CNNs in both accuracy (0.864) and inference speed, particularly on CPUs.",,,,,,,,,,
115,Cınar 2025,Deep Learning and LSTM Integration for Analyzing Driver Behaviors,Sarbajit Paul Bappy,Deep Learning and LSTM Integration for Analyzing Driver Behaviors,I. Cinar et al,2025,Turkish Journal of Mathematics and Computer Science (Turk. J. Math. Comput. Sci.),Türkiye,Upper-middle income,Other: Image-based dataset (Multi-class driver behavior dataset),Not Reported,Not Reported,Other: Not Reported,Not specified,"Hybrid architectures integrating VGG19, ResNet50, MobileNetV2, InceptionV3, DenseNet201, and InceptionResNetV2 with LSTM layers.",Deep learning,Severity classification,k-fold cross validation,Not reported,Not reported,Deep convolutional neural networks for spatial feature extraction from images.,Not specified,Not Reported,Combined spatiotemporal,Yes,Yes,Yes,Yes,Yes,NO,NO,Log Loss,"Not specified in numerical terms in the abstract, but indicates that LSTM integration improved performance across all base models.",No,Yes,Partially,The real-time detection of distracted driving behaviors (like phone use and texting) is highly relevant for automated traffic monitoring systems in Bangladesh's urban centers.,Low risk,Low risk,Low risk,Low risk,Low risk,Not Reported,Integrating LSTM layers with deep learning models significantly enhances the classification of driver behaviors by capturing temporal dependencies. This approach is crucial for the development of autonomous vehicles and proactive safety systems aimed at preventing accidents caused by distractions like texting or phone conversations.,,,,,,,,,,
115,Cınar 2025,Deep Learning and LSTM Integration for Analyzing Driver Behaviors,Consensus,Deep Learning and LSTM Integration for Analyzing Driver Behaviors,I. Cinar et al,2025,Turkish Journal of Mathematics and Computer Science (Turk. J. Math. Comput. Sci.),Türkiye,Upper-middle income,Other: Image-based dataset (Multi-class driver behavior dataset),Not Reported,Not Reported,Other: Not Reported,Not specified,"Hybrid architectures integrating VGG19, ResNet50, MobileNetV2, InceptionV3, DenseNet201, and InceptionResNetV2 with LSTM layers.",Deep learning,Severity classification,k-fold cross validation,Not reported,Not reported,Deep convolutional neural networks for spatial feature extraction from images.,Not specified,Not Reported,Combined spatiotemporal,Yes,Yes,Yes,Yes,Yes,NO,NO,Log Loss,"Not specified in numerical terms in the abstract, but indicates that LSTM integration improved performance across all base models.",No,Yes,Partially,The real-time detection of distracted driving behaviors (like phone use and texting) is highly relevant for automated traffic monitoring systems in Bangladesh's urban centers.,Low risk,Low risk,Low risk,Low risk,Low risk,Not Reported,Integrating LSTM layers with deep learning models significantly enhances the classification of driver behaviors by capturing temporal dependencies. This approach is crucial for the development of autonomous vehicles and proactive safety systems aimed at preventing accidents caused by distractions like texting or phone conversations.,,,,,,,,,,
114,Islam 2022,Predicting Road Crash Severity Using Classifier Models and Crash Hotspots,Sarbajit Paul Bappy,"Predicting Road Crash Severity Using Classifier Models and
Crash Hotspots",Md. Kamrul Islam et al.,2022,Applied Sciences (MDPI),Bangladesh,Lower-middle income,Police records,"1,732 crashes",2014 to 2018,City level,Urban,"Logistic Regression (LR), Random Forest (RF), and Support Vector Machine (SVM).",Traditional ML,Mixed,Fixed split,Yes-SMOTE,Yes,Kernel Density Estimation (KDE) for hotspot identification.,Hourly,Crash locations/Hotspots in Dhaka city,Combined spatiotemporal,"Yes (RF: 80%, SVM: 78%, LR: 73% for unbalanced data; RF: 95%, SVM: 86%, LR: 81% for balanced data).","Yes (RF: 0.99, SVM: 0.94, LR: 0.89 for balanced data)","Yes (RF: 0.95, SVM: 0.86, LR: 0.80 for balanced data)","Yes (RF: 0.95, SVM: 0.87, LR: 0.81 for balanced data)","Yes (RF: 0.95, SVM: 0.86, LR: 0.81 for balanced data)",Not Reported,Not Reported,G-mean and Geometric Mean.,Random Forest (RF).,Yes,Yes,Yes,This study is directly focused on Dhaka and addresses the specific challenges of heterogeneous traffic and poor data quality in the Bangladesh context.,Low risk,Low risk,Low risk,Low risk,Low risk,"The study is limited by the quality and completeness of police-reported data, which may underreport minor injuries.",Random Forest achieved the best performance in predicting fatal vs. non-fatal accidents in Dhaka. The integration of spatial hotspots with machine learning classifiers provides a robust tool for urban administrators to prioritize road safety interventions.,,,,,,,,,,
114,Islam 2022,Predicting Road Crash Severity Using Classifier Models and Crash Hotspots,Consensus,"Predicting Road Crash Severity Using Classifier Models and
Crash Hotspots",Md. Kamrul Islam et al.,2022,Applied Sciences (MDPI),Bangladesh,Lower-middle income,Police records,"1,732 crashes",2014 to 2018,City level,Urban,"Logistic Regression (LR), Random Forest (RF), and Support Vector Machine (SVM).",Traditional ML,Mixed,Fixed split,Yes-SMOTE,Yes,Kernel Density Estimation (KDE) for hotspot identification.,Hourly,Crash locations/Hotspots in Dhaka city,Combined spatiotemporal,"Yes (RF: 80%, SVM: 78%, LR: 73% for unbalanced data; RF: 95%, SVM: 86%, LR: 81% for balanced data).","Yes (RF: 0.99, SVM: 0.94, LR: 0.89 for balanced data)","Yes (RF: 0.95, SVM: 0.86, LR: 0.80 for balanced data)","Yes (RF: 0.95, SVM: 0.87, LR: 0.81 for balanced data)","Yes (RF: 0.95, SVM: 0.86, LR: 0.81 for balanced data)",Not Reported,Not Reported,G-mean and Geometric Mean.,Random Forest (RF).,Yes,Yes,Yes,This study is directly focused on Dhaka and addresses the specific challenges of heterogeneous traffic and poor data quality in the Bangladesh context.,Low risk,Low risk,Low risk,Low risk,Low risk,"The study is limited by the quality and completeness of police-reported data, which may underreport minor injuries.",Random Forest achieved the best performance in predicting fatal vs. non-fatal accidents in Dhaka. The integration of spatial hotspots with machine learning classifiers provides a robust tool for urban administrators to prioritize road safety interventions.,,,,,,,,,,
113,Liu 2022,Analysis and Prediction of the Interval Duration between the First and Second Accidents considering the Spatiotemporal Threshold,Sarbajit Paul Bappy,"Analysis and Prediction of the Interval Duration between the First
and Second Accidents considering the Spatiotemporal Threshold",Fang Liu et al.,2022,Journal of Advanced Transportation,United States ,High income,Mixed sources,"1,215 secondary crash pairs",2017 to 2019,Regional level,Mixed,Random Forest (RF) and SHAP (SHapley Additive exPlanations),Traditional ML,Temporal risk prediction,Fixed split,Not reported,Yes,Spatial coordinate mapping to identify localized primary crash impact buffers and proximity thresholds,Hourly,Road segments / Incident locations,Combined spatiotemporal,Evaluated using continuous regression error metrics,No,No,No,No,Yes,Yes,R-squared,The Random Forest regressor combined with SHAP offered high predictive accuracy alongside robust feature explanation transparency.,No,No,Partially,"This methodology translates well to major high-density freight corridors in Bangladesh (e.g., the Dhaka-Chittagong Highway). Proactively modeling the temporal risk window of secondary accidents allows highway patrols to optimize rapid clearance timelines, preventing localized incidents from freezing regional networks.",Low risk,Low risk,Low risk,Low risk,Low risk,The analysis was confined to a single regional dataset in Virginia; leveraging more geographically diverse datasets would improve the generalizability of the regression model.,"The research confirms that tree-based ensemble models paired with SHAP can successfully estimate primary-secondary crash intervals. Primary incident clearance duration, baseline traffic volume, and road geometric constraints were identified as the primary drivers of secondary crash timing, offering crucial operational insights for emergency dispatch deployment.",,,,,,,,,,
113,Liu 2022,Analysis and Prediction of the Interval Duration between the First and Second Accidents considering the Spatiotemporal Threshold,Consensus,"Analysis and Prediction of the Interval Duration between the First
and Second Accidents considering the Spatiotemporal Threshold",Fang Liu et al.,2022,Journal of Advanced Transportation,United States ,High income,Mixed sources,"1,215 secondary crash pairs",2017 to 2019,Regional level,Mixed,Random Forest (RF) and SHAP (SHapley Additive exPlanations),Traditional ML,Temporal risk prediction,Fixed split,Not reported,Yes,Spatial coordinate mapping to identify localized primary crash impact buffers and proximity thresholds,Hourly,Road segments / Incident locations,Combined spatiotemporal,Evaluated using continuous regression error metrics,No,No,No,No,Yes,Yes,R-squared,The Random Forest regressor combined with SHAP offered high predictive accuracy alongside robust feature explanation transparency.,No,No,Partially,"This methodology translates well to major high-density freight corridors in Bangladesh (e.g., the Dhaka-Chittagong Highway). Proactively modeling the temporal risk window of secondary accidents allows highway patrols to optimize rapid clearance timelines, preventing localized incidents from freezing regional networks.",Low risk,Low risk,Low risk,Low risk,Low risk,The analysis was confined to a single regional dataset in Virginia; leveraging more geographically diverse datasets would improve the generalizability of the regression model.,"The research confirms that tree-based ensemble models paired with SHAP can successfully estimate primary-secondary crash intervals. Primary incident clearance duration, baseline traffic volume, and road geometric constraints were identified as the primary drivers of secondary crash timing, offering crucial operational insights for emergency dispatch deployment.",,,,,,,,,,
109,Mahapatra 2026,Neuro-cognitive AI-driven system for preventing road accidents through driver drowsiness alerts,Sarbajit Paul Bappy,Neuro-cognitive AI-driven system for preventing road accidents through driver drowsiness alerts,Chitaranjan Mahapatra et al.,2026,Array,India,Lower-middle income,Mixed sources,Not Reported,Not Reported,Regional level,Mixed,"Convolutional Neural Networks (CNN), Gated Recurrent Units (GRU), Random Forest, Decision Tree, and YOLOv5",Hybrid,Mixed,Not reported,Other: The study used a balanced dataset of 400 labeled instances: 200 drowsy and 200 alert samples,Yes,CNN for spatial feature extraction from images; HOG-based face detection; YOLOv5 for object tracking,Not specified,Vehicle/Driver level,Combined spatiotemporal,Yes (Final Integrated System: 95.2% ± 1.0%),Yes (Final Integrated System: 0.97 ± 0.01),Yes (Final Integrated System: 93.0% ± 1.1%),Yes (Final Integrated System: 93.4% ± 1.2%),Yes (Final Integrated System: 92.6% ± 1.3%),Not Reported,Not Reported,Specificity (Final Integrated System: 96.1% ± 0.9%),Final Integrated Neuro-cognitive System (Multimodal Fusion),No,Yes,Partially,The focus on low-cost hardware (Raspberry Pi) and proactive safety in rapidly urbanizing developing contexts is highly applicable to Bangladesh's road safety goals.,Low risk,Low risk,Low risk,Low risk,Low risk,(1) The accident detection module has not been experimentally validated yet; (2) Variability in infrastructure and need for sensor calibration; (3) System does not yet address distraction or intoxication.,"The neuro-cognitive AI system achieves high accuracy (95.2%) in detecting driver drowsiness by fusing spatial (CNN) and temporal (GRU) data. Multimodal fusion significantly outperformed unimodal configurations, with the EAR threshold of 0.26 over a 3-second window providing the optimal balance for fatigue alerts. The system is designed to integrate with smart city IoT infrastructure for real-time emergency coordination.",,,,,,,,,,
109,Mahapatra 2026,Neuro-cognitive AI-driven system for preventing road accidents through driver drowsiness alerts,Consensus,Neuro-cognitive AI-driven system for preventing road accidents through driver drowsiness alerts,Chitaranjan Mahapatra et al.,2026,Array,India,Lower-middle income,Mixed sources,Not Reported,Not Reported,Regional level,Mixed,"Convolutional Neural Networks (CNN), Gated Recurrent Units (GRU), Random Forest, Decision Tree, and YOLOv5",Hybrid,Mixed,Not reported,Other: The study used a balanced dataset of 400 labeled instances: 200 drowsy and 200 alert samples,Yes,CNN for spatial feature extraction from images; HOG-based face detection; YOLOv5 for object tracking,Not specified,Vehicle/Driver level,Combined spatiotemporal,Yes (Final Integrated System: 95.2% ± 1.0%),Yes (Final Integrated System: 0.97 ± 0.01),Yes (Final Integrated System: 93.0% ± 1.1%),Yes (Final Integrated System: 93.4% ± 1.2%),Yes (Final Integrated System: 92.6% ± 1.3%),Not Reported,Not Reported,Specificity (Final Integrated System: 96.1% ± 0.9%),Final Integrated Neuro-cognitive System (Multimodal Fusion),No,Yes,Partially,The focus on low-cost hardware (Raspberry Pi) and proactive safety in rapidly urbanizing developing contexts is highly applicable to Bangladesh's road safety goals.,Low risk,Low risk,Low risk,Low risk,Low risk,(1) The accident detection module has not been experimentally validated yet; (2) Variability in infrastructure and need for sensor calibration; (3) System does not yet address distraction or intoxication.,"The neuro-cognitive AI system achieves high accuracy (95.2%) in detecting driver drowsiness by fusing spatial (CNN) and temporal (GRU) data. Multimodal fusion significantly outperformed unimodal configurations, with the EAR threshold of 0.26 over a 3-second window providing the optimal balance for fatigue alerts. The system is designed to integrate with smart city IoT infrastructure for real-time emergency coordination.",,,,,,,,,,
103,Mussah 2022,Machine Learning Framework for Real-Time Assessment of Traffic Safety Utilizing Connected Vehicle Data,Sarbajit Paul Bappy,"Machine Learning Framework for Real-Time Assessment of
Traffic Safety Utilizing Connected Vehicle Data",Mussah et al.,2022,Sustainability,USA,High income,Sensor or telematics data,Not Reported,2010 to 2019,City level,Urban,"Linear Regression (OLS), Poisson Regression, Gradient Boosted (GB) Regression, and XGBoost Classification",Ensemble,Accident occurrence prediction,Fixed split,Yes-SMOTE,No,Roadway segment link indexing and spatial conflation of GPS points to segments,Hourly,Road segment level,Combined spatiotemporal,"0.88 (Under Sampling), 0.89 (SMOTE), 0.91 (Ensemble), 0.95 (Weighted Ensemble)","0.95 (Under Sampling), 0.96 (SMOTE)","0.88 (Under Sampling), 0.89 (SMOTE)","0.90 (Under Sampling), 0.87 (SMOTE)","0.87 (Under Sampling), 0.91 (SMOTE)","192.05 (OLS), 204.84 (Poisson), 166.36 (GB Regression)","4.03 (OLS), 4.18 (Poisson), 6.39 (GB Regression)",$R^2$ of 0.806 for GB Regression,Weighted Ensemble model (Accuracy 0.95),No,No,No,"The study emphasizes that high-resolution connected vehicle data is currently scarce, noting a penetration rate of only 2% to 10% even in a high-income setting. This suggests that implementation in Bangladesh would require significant growth in connected vehicle infrastructure or reliance on alternative probe sources like mobile GPS.",Low risk,Low risk,Low risk,Low risk,Low risk,"Low penetration rate of connected vehicles (2–10%), Data sparseness on less-traveled local roads, Exclusion of extreme weather conditions in the current model","Hard deceleration events are strong positive predictors of crash outcomes. The proposed XGBoost framework achieves up to 95% accuracy in detecting real-time crash risks using 5-minute temporal windows, primarily driven by segment speed and reference speed variables.",,,,,,,,,,
103,Mussah 2022,Machine Learning Framework for Real-Time Assessment of Traffic Safety Utilizing Connected Vehicle Data,Consensus,"Machine Learning Framework for Real-Time Assessment of
Traffic Safety Utilizing Connected Vehicle Data",Mussah et al.,2022,Sustainability,USA,High income,Sensor or telematics data,Not Reported,2010 to 2019,City level,Urban,"Linear Regression (OLS), Poisson Regression, Gradient Boosted (GB) Regression, and XGBoost Classification",Ensemble,Accident occurrence prediction,Fixed split,Yes-SMOTE,No,Roadway segment link indexing and spatial conflation of GPS points to segments,Hourly,Road segment level,Combined spatiotemporal,"0.88 (Under Sampling), 0.89 (SMOTE), 0.91 (Ensemble), 0.95 (Weighted Ensemble)","0.95 (Under Sampling), 0.96 (SMOTE)","0.88 (Under Sampling), 0.89 (SMOTE)","0.90 (Under Sampling), 0.87 (SMOTE)","0.87 (Under Sampling), 0.91 (SMOTE)","192.05 (OLS), 204.84 (Poisson), 166.36 (GB Regression)","4.03 (OLS), 4.18 (Poisson), 6.39 (GB Regression)",$R^2$ of 0.806 for GB Regression,Weighted Ensemble model (Accuracy 0.95),No,No,No,"The study emphasizes that high-resolution connected vehicle data is currently scarce, noting a penetration rate of only 2% to 10% even in a high-income setting. This suggests that implementation in Bangladesh would require significant growth in connected vehicle infrastructure or reliance on alternative probe sources like mobile GPS.",Low risk,Low risk,Low risk,Low risk,Low risk,"Low penetration rate of connected vehicles (2–10%), Data sparseness on less-traveled local roads, Exclusion of extreme weather conditions in the current model","Hard deceleration events are strong positive predictors of crash outcomes. The proposed XGBoost framework achieves up to 95% accuracy in detecting real-time crash risks using 5-minute temporal windows, primarily driven by segment speed and reference speed variables.",,,,,,,,,,
102,Maruyama 2023,Accident Prediction Model Using Divergence Between Visual Attention and Focus of Expansion in Vehicle-Mounted Camera Images,Sarbajit Paul Bappy,"Accident Prediction Model Using Divergence
Between Visual Attention and Focus of Expansion
in Vehicle-Mounted Camera Images",Yuta Maruyama et al.,2023,IEEE Access,Japan,High income,Sensor or telematics data,"665 accident videos from the DAD dataset and 1,500 accident videos from the CCD dataset",Not Reported,National level,Mixed,"VGG16, Gated Recurrent Unit (GRU), and a custom Divergence Model",Deep learning,Accident occurrence prediction,Fixed split,Yes-oversampling,No,Focus of Expansion (FOE) estimation and Visual Attention (VA) map generation,Not specified,Not Reported,Combined spatiotemporal,Not Reported,Yes (AP result on DAD: 48.0%; on CCD: 70.8%),Not Reported,Yes (Average Precision - AP),Not Reported,Not Reported,Not Reported,Time-to-Accident (TTA): 3.32s on DAD; 3.63s on CCD,"Proposed Model (Integration of Divergence, VA, and Motion features)",No,No,No,Not Reported,Low risk,Low risk,Low risk,Low risk,Low risk,"The model may not perform well in environments where optical flow and FOE cannot be accurately estimated, such as during nighttime or severe weather","The study proposes a novel accident prediction model that leverages the divergence between a driver's visual attention and the focus of expansion (FOE). This method effectively predicts accidents even when the motion features of risk factors are small, a limitation in existing models. The model provides both high precision and visualization of the decision-making basis.",,,,,,,,,,
102,Maruyama 2023,Accident Prediction Model Using Divergence Between Visual Attention and Focus of Expansion in Vehicle-Mounted Camera Images,Consensus,"Accident Prediction Model Using Divergence
Between Visual Attention and Focus of Expansion
in Vehicle-Mounted Camera Images",Yuta Maruyama et al.,2023,IEEE Access,Japan,High income,Sensor or telematics data,"665 accident videos from the DAD dataset and 1,500 accident videos from the CCD dataset",Not Reported,National level,Mixed,"VGG16, Gated Recurrent Unit (GRU), and a custom Divergence Model",Deep learning,Accident occurrence prediction,Fixed split,Yes-oversampling,No,Focus of Expansion (FOE) estimation and Visual Attention (VA) map generation,Not specified,Not Reported,Combined spatiotemporal,Not Reported,Yes (AP result on DAD: 48.0%; on CCD: 70.8%),Not Reported,Yes (Average Precision - AP),Not Reported,Not Reported,Not Reported,Time-to-Accident (TTA): 3.32s on DAD; 3.63s on CCD,"Proposed Model (Integration of Divergence, VA, and Motion features)",No,No,No,Not Reported,Low risk,Low risk,Low risk,Low risk,Low risk,"The model may not perform well in environments where optical flow and FOE cannot be accurately estimated, such as during nighttime or severe weather","The study proposes a novel accident prediction model that leverages the divergence between a driver's visual attention and the focus of expansion (FOE). This method effectively predicts accidents even when the motion features of risk factors are small, a limitation in existing models. The model provides both high precision and visualization of the decision-making basis.",,,,,,,,,,
100,GetuEnyew 2026,A Hybrid K-Means Clustering and Ensemble Model for Predicting Road Traffic Accident Severity,Sarbajit Paul Bappy,A Hybrid K-Means Clustering and Ensemble Model for Predicting Road Traffic Accident Severity,G. Getu Enyew et al.,2026,Engineering Reports (Wiley),Ethiopia,Low income,Other: Official records (Addis Ababa City Administration Traffic Management Agency),"10,211 accident",2017 to 2023,City level,Urban,"Hybrid K-Means clustering integrated with ensemble classifiers: Random Forest (RF), XGBoost, and LightGBM.",Hybrid,Severity classification,Fixed split,Yes-SMOTE,Yes,K-Means clustering to extract latent spatial patterns from accident locations.,Daily,Accident-prone locations/sub-cities.,Combined spatiotemporal,91.2%,Yes (0.94),Yes (0.90),Yes (0.91),Yes (0.91),Not Reported,Not Reported,Cohen’s Kappa (0.84).,Hybrid K-Means + XGBoost ensemble model.,No,Yes,Yes,"The hybrid approach to tackling high dimensionality and class imbalance is highly relevant for Bangladesh's urban traffic data, which often shares similar structural limitations.",Low risk,Low risk,Low risk,Low risk,Low risk,Heterogeneity and high dimensionality of the data remain challenging; future work could incorporate real-time sensor data.,"The hybrid K-Means and ensemble model significantly improved prediction accuracy over standalone ML models. The study identified that the type of vehicle, driver experience, and road surface conditions were the most critical factors influencing accident severity in Addis Ababa.",,,,,,,,,,
100,GetuEnyew 2026,A Hybrid K-Means Clustering and Ensemble Model for Predicting Road Traffic Accident Severity,Consensus,A Hybrid K-Means Clustering and Ensemble Model for Predicting Road Traffic Accident Severity,G. Getu Enyew et al.,2026,Engineering Reports (Wiley),Ethiopia,Low income,Other: Official records (Addis Ababa City Administration Traffic Management Agency),"10,211 accident",2017 to 2023,City level,Urban,"Hybrid K-Means clustering integrated with ensemble classifiers: Random Forest (RF), XGBoost, and LightGBM.",Hybrid,Severity classification,Fixed split,Yes-SMOTE,Yes,K-Means clustering to extract latent spatial patterns from accident locations.,Daily,Accident-prone locations/sub-cities.,Combined spatiotemporal,91.2%,Yes (0.94),Yes (0.90),Yes (0.91),Yes (0.91),Not Reported,Not Reported,Cohen’s Kappa (0.84).,Hybrid K-Means + XGBoost ensemble model.,No,Yes,Yes,"The hybrid approach to tackling high dimensionality and class imbalance is highly relevant for Bangladesh's urban traffic data, which often shares similar structural limitations.",Low risk,Low risk,Low risk,Low risk,Low risk,Heterogeneity and high dimensionality of the data remain challenging; future work could incorporate real-time sensor data.,"The hybrid K-Means and ensemble model significantly improved prediction accuracy over standalone ML models. The study identified that the type of vehicle, driver experience, and road surface conditions were the most critical factors influencing accident severity in Addis Ababa.",,,,,,,,,,
97,Farhangi 2021,Evaluation of tree-based machine learning algorithms for accident risk mapping caused by driver lack of alertness at a national scale,Sarbajit Paul Bappy,"Evaluation of Tree-Based Machine Learning Algorithms for
Accident Risk Mapping Caused by Driver Lack of Alertness at a
National Scale",F. Farhangi et al.,2021,Sustainability (MDPI),Iran,Lower-middle income,Other: Official records (Accident data from the Traffic Police of Iran and environmental data from the Iran Meteorological Organization),"10,754 accident",2017 to 2018,National level,Rural,"Random Forest (RF), XGBoost, and Gradient Boosting Decision Tree (GBDT).",Ensemble,Accident occurrence prediction,Fixed split,Yes-SMOTE,Yes,Geographic Information System (GIS) and Multicollinearity analysis (VIF).,Not specified,,Spatial only,Yes,0.908,Yes,Yes,Yes,NO,NO,Specificity and Kappa coefficient.,XGBoost,No,Yes,Yes,The methodology for national-scale risk mapping using readily available environmental data is highly transferable to Bangladesh for identifying high-risk rural corridors.,Low risk,Low risk,Low risk,Low risk,Low risk,Focuses on a specific cause of accidents; future studies should incorporate more diverse factors like vehicle technology and detailed driver demographics.,XGBoost demonstrated the highest performance in mapping accident risk at a national scale. The study highlighted that distance from cities and specific meteorological conditions are significant predictors of accidents caused by driver drowsiness or lack of alertness.,,,,,,,,,,
97,Farhangi 2021,Evaluation of tree-based machine learning algorithms for accident risk mapping caused by driver lack of alertness at a national scale,Consensus,"Evaluation of Tree-Based Machine Learning Algorithms for
Accident Risk Mapping Caused by Driver Lack of Alertness at a
National Scale",F. Farhangi et al.,2021,Sustainability (MDPI),Iran,Lower-middle income,Other: Official records (Accident data from the Traffic Police of Iran and environmental data from the Iran Meteorological Organization),"10,754 accident",2017 to 2018,National level,Rural,"Random Forest (RF), XGBoost, and Gradient Boosting Decision Tree (GBDT).",Ensemble,Accident occurrence prediction,Fixed split,Yes-SMOTE,Yes,Geographic Information System (GIS) and Multicollinearity analysis (VIF).,Not specified,,Spatial only,Yes,0.908,Yes,Yes,Yes,NO,NO,Specificity and Kappa coefficient.,XGBoost,No,Yes,Yes,The methodology for national-scale risk mapping using readily available environmental data is highly transferable to Bangladesh for identifying high-risk rural corridors.,Low risk,Low risk,Low risk,Low risk,Low risk,Focuses on a specific cause of accidents; future studies should incorporate more diverse factors like vehicle technology and detailed driver demographics.,XGBoost demonstrated the highest performance in mapping accident risk at a national scale. The study highlighted that distance from cities and specific meteorological conditions are significant predictors of accidents caused by driver drowsiness or lack of alertness.,,,,,,,,,,
84,Pei 2024,Road Traffic Accident Risk Prediction and Key Factor Identification Framework Based on Explainable Deep Learning,Sarbajit Paul Bappy,Road Traffic Accident Risk Prediction and Key Factor Identification Framework Based on Explainable Deep Learning,Pei et al.,2024,IEEE Access,China,Upper-middle income,Mixed sources,"2,058,408 accident records (2,755,286 injured persons)",2005 to 2018,National level,Mixed,"CNN-BiLSTM-Attention (proposed); benchmarked against HA, SVM, BP, MLP, GRU, SDAE, CNN, LSTM, and BiLSTM",Deep learning,Accident occurrence prediction,Fixed split,Yes-SMOTE,Yes,Convolutional Neural Networks (CNN) to extract spatial features combined with a spatial-temporal local attention mechanism,Not specified,Road segment level,Combined spatiotemporal,"MAE 0.2475 (UK), 0.2683 (USA)",Not Reported,0.8476 (UK Dataset),0.8191 (UK Dataset),0.8782 (UK Dataset),Not Reported,0.2475 (UK Dataset),Loss function used was Mean Square Error (MSE),CNN-BiLSTM-Attention,No,No,No,"The study emphasizes that accident management enables rescue personnel to evaluate regional traffic accident risks and potential impacts, which is a critical need in developing nations with high fatality rates.",Low risk,Low risk,Low risk,Low risk,Low risk,"Deep learning models can act as ""black boxes,"" requiring external explainable tools like DeepSHAP.  Limited data availability for serious and fatal accidents leads to decreased prediction accuracy for those specific categories.  Prediction accuracy on the US dataset was lower due to less comprehensive feature collection compared to the UK dataset.","The CNN-BiLSTM-Attention model coupled with DeepSHAP provides a comprehensive framework for both accurate risk prediction and rational factor identification. Key global factors identified as most significant were speed limit, number of vehicles, time, and vehicle performance. Re-integrating the top 15 factors allowed for significantly reduced training time (nearly one hour) with minimal loss in accuracy.",,,,,,,,,,
84,Pei 2024,Road Traffic Accident Risk Prediction and Key Factor Identification Framework Based on Explainable Deep Learning,Consensus,Road Traffic Accident Risk Prediction and Key Factor Identification Framework Based on Explainable Deep Learning,Pei et al.,2024,IEEE Access,China,Upper-middle income,Mixed sources,"2,058,408 accident records (2,755,286 injured persons)",2005 to 2018,National level,Mixed,"CNN-BiLSTM-Attention (proposed); benchmarked against HA, SVM, BP, MLP, GRU, SDAE, CNN, LSTM, and BiLSTM",Deep learning,Accident occurrence prediction,Fixed split,Yes-SMOTE,Yes,Convolutional Neural Networks (CNN) to extract spatial features combined with a spatial-temporal local attention mechanism,Not specified,Road segment level,Combined spatiotemporal,"MAE 0.2475 (UK), 0.2683 (USA)",Not Reported,0.8476 (UK Dataset),0.8191 (UK Dataset),0.8782 (UK Dataset),Not Reported,0.2475 (UK Dataset),Loss function used was Mean Square Error (MSE),CNN-BiLSTM-Attention,No,No,No,"The study emphasizes that accident management enables rescue personnel to evaluate regional traffic accident risks and potential impacts, which is a critical need in developing nations with high fatality rates.",Low risk,Low risk,Low risk,Low risk,Low risk,"Deep learning models can act as ""black boxes,"" requiring external explainable tools like DeepSHAP.  Limited data availability for serious and fatal accidents leads to decreased prediction accuracy for those specific categories.  Prediction accuracy on the US dataset was lower due to less comprehensive feature collection compared to the UK dataset.","The CNN-BiLSTM-Attention model coupled with DeepSHAP provides a comprehensive framework for both accurate risk prediction and rational factor identification. Key global factors identified as most significant were speed limit, number of vehicles, time, and vehicle performance. Re-integrating the top 15 factors allowed for significantly reduced training time (nearly one hour) with minimal loss in accuracy.",,,,,,,,,,
78,Kang 2025,Analysis and Prediction of Traffic Accidents Based on Interpretable Spatial Machine Learning: A Case Study in California,Sarbajit Paul Bappy,Analysis and Prediction of Traffic Accidents Based on Interpretable SpatialMachine Learning:A Case Study inCalifornia,X. Kang et al.,2025,Journal of Advanced Transportation,United States (California),High income,Other: Official records (Large-scale traffic accident dataset coupled with geographic environmental factors),Not Reported,Not Reported,Regional level,Mixed,Geographically Weighted Support Vector Machine (GW-SVM),Hybrid,Mixed,Not reported,Not reported,Yes,Geographically Weighted modeling to analyze non-linear and non-stationary spatial distributions,Not specified,Spatial zones / Regional segments,Spatial only,Evaluated through comparative modeling against baseline standalone machine learning and spatial models,Not Reported,Not Reported,Not Reported,Not Reported,Not Reported,Not Reported,Interpretability mapping (Evaluates how parameter variations reveal localized shifts in risk variables),GW-SVM (Demonstrated superior capacity to capture both spatial heterogeneity and complex non-linear factor interactions),No,No,Partially,"Geographically weighted machine learning architectures provide a vital framework for analyzing road safety in regions like Bangladesh, where structural, infrastructural, and environmental safety factors shift dramatically from city centers to rural highway corridors.",Low risk,Low risk,Low risk,Low risk,Low risk,"The complex, non-linear relationships and shifting spatial boundaries between environmental triggers and crashes remain challenging to fully map across massive regions",The study successfully implemented an explainable spatial machine learning framework utilizing the GW-SVM model. This specialized model overcomes the historical trade-offs between predictive accuracy and transparency by explicitly detailing how localized shifts in environmental parameters directly govern traffic accident risk patterns.,,,,,,,,,,
78,Kang 2025,Analysis and Prediction of Traffic Accidents Based on Interpretable Spatial Machine Learning: A Case Study in California,Consensus,Analysis and Prediction of Traffic Accidents Based on Interpretable SpatialMachine Learning:A Case Study inCalifornia,X. Kang et al.,2025,Journal of Advanced Transportation,United States (California),High income,Other: Official records (Large-scale traffic accident dataset coupled with geographic environmental factors),Not Reported,Not Reported,Regional level,Mixed,Geographically Weighted Support Vector Machine (GW-SVM),Hybrid,Mixed,Not reported,Not reported,Yes,Geographically Weighted modeling to analyze non-linear and non-stationary spatial distributions,Not specified,Spatial zones / Regional segments,Spatial only,Evaluated through comparative modeling against baseline standalone machine learning and spatial models,Not Reported,Not Reported,Not Reported,Not Reported,Not Reported,Not Reported,Interpretability mapping (Evaluates how parameter variations reveal localized shifts in risk variables),GW-SVM (Demonstrated superior capacity to capture both spatial heterogeneity and complex non-linear factor interactions),No,No,Partially,"Geographically weighted machine learning architectures provide a vital framework for analyzing road safety in regions like Bangladesh, where structural, infrastructural, and environmental safety factors shift dramatically from city centers to rural highway corridors.",Low risk,Low risk,Low risk,Low risk,Low risk,"The complex, non-linear relationships and shifting spatial boundaries between environmental triggers and crashes remain challenging to fully map across massive regions",The study successfully implemented an explainable spatial machine learning framework utilizing the GW-SVM model. This specialized model overcomes the historical trade-offs between predictive accuracy and transparency by explicitly detailing how localized shifts in environmental parameters directly govern traffic accident risk patterns.,,,,,,,,,,
68,Khatiwada 2023,Analysis and Prediction of Road Accidents in Nepal by Grey System Theory,Sarbajit Paul Bappy,Analysis and Prediction of Road Accidents in Nepal by Grey System Theory,Smriti Khatiwada et al,2023,Proceedings of the IEEE 3rd International Conference on Computer Systems (ICCS),Nepal,Lower-middle income,Other: Official records (Statistical data obtained from the Traffic Police Division of Nepal),"2,500 deaths",Not Reported,National level,Mixed,"Grey System Theory, specifically the classic GM(1,1) model.",Traditional ML,Temporal risk prediction,Not reported,Not reported,Not reported,National trend evaluation across administrative boundaries.,Hourly,Country level,Temporal only,Evaluated through precision and forecasting validation checks specific to Grey forecasting mathematics.,Not Reported,Not Reported,Not Reported,Not Reported,Not Reported,Not Reported,Grey prediction accuracy classification index.,"The GM(1,1) Grey System forecasting model.",No,Yes,Yes,"The application of Grey system modeling is highly relevant for highway and traffic departments in Bangladesh, as it enables robust and accurate macro-level safety projections even when historical records are sparse, noisy, or incomplete.",Low risk,Low risk,Low risk,Low risk,Low risk,Not Reported,"This paper demonstrates the efficiency of Grey System Theory in analyzing and predicting national road accident risks under conditions of data uncertainty. The classic GM(1,1) architecture proved highly effective for generating accurate trend forecasts from limited datasets, providing a practical, brief, and robust predictive framework for transit authorities operating in developing regions.",,,,,,,,,,
68,Khatiwada 2023,Analysis and Prediction of Road Accidents in Nepal by Grey System Theory,Consensus,Analysis and Prediction of Road Accidents in Nepal by Grey System Theory,Smriti Khatiwada et al,2023,Proceedings of the IEEE 3rd International Conference on Computer Systems (ICCS),Nepal,Lower-middle income,Other: Official records (Statistical data obtained from the Traffic Police Division of Nepal),"2,500 deaths",Not Reported,National level,Mixed,"Grey System Theory, specifically the classic GM(1,1) model.",Traditional ML,Temporal risk prediction,Not reported,Not reported,Not reported,National trend evaluation across administrative boundaries.,Hourly,Country level,Temporal only,Evaluated through precision and forecasting validation checks specific to Grey forecasting mathematics.,Not Reported,Not Reported,Not Reported,Not Reported,Not Reported,Not Reported,Grey prediction accuracy classification index.,"The GM(1,1) Grey System forecasting model.",No,Yes,Yes,"The application of Grey system modeling is highly relevant for highway and traffic departments in Bangladesh, as it enables robust and accurate macro-level safety projections even when historical records are sparse, noisy, or incomplete.",Low risk,Low risk,Low risk,Low risk,Low risk,Not Reported,"This paper demonstrates the efficiency of Grey System Theory in analyzing and predicting national road accident risks under conditions of data uncertainty. The classic GM(1,1) architecture proved highly effective for generating accurate trend forecasts from limited datasets, providing a practical, brief, and robust predictive framework for transit authorities operating in developing regions.",,,,,,,,,,
66,Mahajan 2024,"Predictive Analysis Through Machine Learning: Fatal Road Crashes in Delhi, India",Sarbajit Paul Bappy,"Predictive Analysis Through Machine Learning: 
Fatal Road Crashes in Delhi, India",Navita Mahajan et al,2024,2024 International Conference on Intelligent & Innovative Practices in Engineering & Management (IIPEM),India,Lower-middle income,Other: from the Statista portal,"Delhi recorded 5,387 road accidents",2004 to 2022,City level,Urban,Least Square Method for Time Series Analysis,Traditional ML,Temporal risk prediction,Fixed split,No,No,Map identification of top 10 crash-prone zones/roads in Delhi,Hourly,National Capital Territory (NCT) of Delhi,Temporal only,Not Reported,Not Reported,Not Reported,Not Reported,Not Reported,Not Reported,Not Reported,"Mean: 1801 annual fatalities , Median: 1820 annual fatalities, Standard Deviation: 332.5658, ",Least Square Method (sole algorithm used for forecasting),No,Yes,No,The findings on vulnerable users (pedestrians and two-wheelers accounting for 81% of fatalities) and causes like over-speeding (67.3%) are highly relevant to urban safety challenges in other LMICs like Bangladesh.,Low risk,Low risk,Low risk,Low risk,,Acknowledges potential underreporting of road deaths in India; emphasizes the need for more granular data sources to enhance prediction accuracy in the future.,"Fatalities in Delhi peaked in 2009 (2,325) and have generally trended downward since, with a notable low in 2020 due to COVID-19 pandemic restrictions. The Least Square Method forecasts that annual fatalities will continue to decrease through 2027, reaching an estimated 1068 victims, provided strict control measures are maintained. Two-wheelers and pedestrians remain the most vulnerable road users, accounting for over 80% of fatalities.",,,,,,,,,,
66,Mahajan 2024,"Predictive Analysis Through Machine Learning: Fatal Road Crashes in Delhi, India",Consensus,"Predictive Analysis Through Machine Learning: 
Fatal Road Crashes in Delhi, India",Navita Mahajan et al,2024,2024 International Conference on Intelligent & Innovative Practices in Engineering & Management (IIPEM),India,Lower-middle income,Other: from the Statista portal,"Delhi recorded 5,387 road accidents",2004 to 2022,City level,Urban,Least Square Method for Time Series Analysis,Traditional ML,Temporal risk prediction,Fixed split,No,No,Map identification of top 10 crash-prone zones/roads in Delhi,Hourly,National Capital Territory (NCT) of Delhi,Temporal only,Not Reported,Not Reported,Not Reported,Not Reported,Not Reported,Not Reported,Not Reported,"Mean: 1801 annual fatalities , Median: 1820 annual fatalities, Standard Deviation: 332.5658, ",Least Square Method (sole algorithm used for forecasting),No,Yes,No,The findings on vulnerable users (pedestrians and two-wheelers accounting for 81% of fatalities) and causes like over-speeding (67.3%) are highly relevant to urban safety challenges in other LMICs like Bangladesh.,Low risk,Low risk,Low risk,Low risk,,Acknowledges potential underreporting of road deaths in India; emphasizes the need for more granular data sources to enhance prediction accuracy in the future.,"Fatalities in Delhi peaked in 2009 (2,325) and have generally trended downward since, with a notable low in 2020 due to COVID-19 pandemic restrictions. The Least Square Method forecasts that annual fatalities will continue to decrease through 2027, reaching an estimated 1068 victims, provided strict control measures are maintained. Two-wheelers and pedestrians remain the most vulnerable road users, accounting for over 80% of fatalities.",,,,,,,,,,
65,Mishra 2024,Exploring Spatio-Temporal Multimodal Data for Accident Count Prediction: A Case Study of Kolkata,Sarbajit Paul Bappy,"Exploring Spatio-Temporal Multimodal Data for Accident Count
Prediction: A Case Study of Kolkata",Moumita Mishra et al,2024,2024 IEEE 27th International Conference on Intelligent Transportation Systems (ITSC),India,Lower-middle income,Mixed sources,Not Reported,2017–2023,City level,Urban,"Decision Tree (DT), Random Forest (RF), and XGBoost (XGB)",Ensemble,Temporal risk prediction,Fixed split,Not reported,Not reported,Cluster analysis (DBSCAN) to identify accident-prone areas (hotspots),Monthly,Latitude/Longitude coordinates and city regions,Combined spatiotemporal,Yes (XGBoost: 98%; Random Forest: 97%; Decision Tree: 95%),Not Reported,Not Reported,Not Reported,Not Reported,Yes (XGBoost: 0.13; Random Forest: 0.17; Decision Tree: 0.23),Yes (XGBoost: 0.04; Random Forest: 0.05; Decision Tree: 0.07),"R-squared ($R^2$): XGBoost (0.98), Random Forest (0.97), Decision Tree (0.95)",XGBoost,No,No,No,"The study's focus on a highly populated Indian city with similar traffic patterns and climate (e.g., monsoon impact) makes its methodology highly relevant for accident prediction in cities like Dhaka.",,,,,,"None explicitly detailed, though the study suggests that identifying specific road-level factors could further enhance the model's depth.","XGBoost was the most effective model for predicting accident counts ($R^2=0.98$). Temporal analysis showed peaks in accidents during the winter months (December/January) and monsoons, while spatial analysis via DBSCAN successfully identified critical accident-prone clusters in Kolkata.",,,,,,,,,,
65,Mishra 2024,Exploring Spatio-Temporal Multimodal Data for Accident Count Prediction: A Case Study of Kolkata,Consensus,"Exploring Spatio-Temporal Multimodal Data for Accident Count
Prediction: A Case Study of Kolkata",Moumita Mishra et al,2024,2024 IEEE 27th International Conference on Intelligent Transportation Systems (ITSC),India,Lower-middle income,Mixed sources,Not Reported,2017–2023,City level,Urban,"Decision Tree (DT), Random Forest (RF), and XGBoost (XGB)",Ensemble,Temporal risk prediction,Fixed split,Not reported,Not reported,Cluster analysis (DBSCAN) to identify accident-prone areas (hotspots),Monthly,Latitude/Longitude coordinates and city regions,Combined spatiotemporal,Yes (XGBoost: 98%; Random Forest: 97%; Decision Tree: 95%),Not Reported,Not Reported,Not Reported,Not Reported,Yes (XGBoost: 0.13; Random Forest: 0.17; Decision Tree: 0.23),Yes (XGBoost: 0.04; Random Forest: 0.05; Decision Tree: 0.07),"R-squared ($R^2$): XGBoost (0.98), Random Forest (0.97), Decision Tree (0.95)",XGBoost,No,No,No,"The study's focus on a highly populated Indian city with similar traffic patterns and climate (e.g., monsoon impact) makes its methodology highly relevant for accident prediction in cities like Dhaka.",,,,,,"None explicitly detailed, though the study suggests that identifying specific road-level factors could further enhance the model's depth.","XGBoost was the most effective model for predicting accident counts ($R^2=0.98$). Temporal analysis showed peaks in accidents during the winter months (December/January) and monsoons, while spatial analysis via DBSCAN successfully identified critical accident-prone clusters in Kolkata.",,,,,,,,,,
52,Mishra 2024,ESTIMATION OF ROAD ACCIDENT SEVERITY USING K-MEANS CLUSTERING OF SPATIO-TEMPORAL DATA WITH BACKEND SPATIAL DATA INFRASTRUCTURE,Sarbajit Paul Bappy,"ESTIMATION OF ROAD ACCIDENT SEVERITY USING K-MEANS CLUSTERING OF
SPATIO-TEMPORAL DATA WITH BACKEND SPATIAL DATA INFRASTRUCTURE",Moumita Mishra et al.,2024,IGARSS 2024 - 2024 IEEE International Geoscience and Remote Sensing Symposium,India,Lower-middle income,Mixed sources,Not Reported,2017–2022,City level,Mixed,k-means clustering,Traditional ML,Hotspot identification,Not reported,No,Yes,Geospatial framework for blackspot identification using parameters like frequency and Equivalent Property Damage Only (EPDO); integrated with Spatial Data Infrastructure (SDI),Annual,Accident location/point level and administrative districts,Combined spatiotemporal,Not Reported,Not Reported,Not Reported,Not Reported,Not Reported,Not Reported,Not Reported,EPDO (Equivalent Property Damage Only) used as a composite severity indicato,k-means clustering (integrated with spatial analysis),No,Yes,No,The high daily fatality rate (over 400 people) and the challenge of identifying blackspots in a resource-constrained environment make this framework highly relevant for safety planning in Bangladesh.,Low risk,Low risk,Low risk,Low risk,Low risk,"None explicitly stated, but implies that identifying blackspots is only the first step toward effective safety interventions.","The paper provides a comprehensive geospatial framework using k-means clustering to classify accident locations into four severity zones (Low, Medium, High, and Very High). By integrating multiple parameters like fatal accident frequency and EPDO with backend Spatial Data Infrastructure, the study identifies critical blackspots more effectively than frequency-only methods.",,,,,,,,,,
52,Mishra 2024,ESTIMATION OF ROAD ACCIDENT SEVERITY USING K-MEANS CLUSTERING OF SPATIO-TEMPORAL DATA WITH BACKEND SPATIAL DATA INFRASTRUCTURE,Consensus,"ESTIMATION OF ROAD ACCIDENT SEVERITY USING K-MEANS CLUSTERING OF
SPATIO-TEMPORAL DATA WITH BACKEND SPATIAL DATA INFRASTRUCTURE",Moumita Mishra et al.,2024,IGARSS 2024 - 2024 IEEE International Geoscience and Remote Sensing Symposium,India,Lower-middle income,Mixed sources,Not Reported,2017–2022,City level,Mixed,k-means clustering,Traditional ML,Hotspot identification,Not reported,No,Yes,Geospatial framework for blackspot identification using parameters like frequency and Equivalent Property Damage Only (EPDO); integrated with Spatial Data Infrastructure (SDI),Annual,Accident location/point level and administrative districts,Combined spatiotemporal,Not Reported,Not Reported,Not Reported,Not Reported,Not Reported,Not Reported,Not Reported,EPDO (Equivalent Property Damage Only) used as a composite severity indicato,k-means clustering (integrated with spatial analysis),No,Yes,No,The high daily fatality rate (over 400 people) and the challenge of identifying blackspots in a resource-constrained environment make this framework highly relevant for safety planning in Bangladesh.,Low risk,Low risk,Low risk,Low risk,Low risk,"None explicitly stated, but implies that identifying blackspots is only the first step toward effective safety interventions.","The paper provides a comprehensive geospatial framework using k-means clustering to classify accident locations into four severity zones (Low, Medium, High, and Very High). By integrating multiple parameters like fatal accident frequency and EPDO with backend Spatial Data Infrastructure, the study identifies critical blackspots more effectively than frequency-only methods.",,,,,,,,,,
42,Sum 2025,A random forest and SHAP-based analysis of motorcycle crash severity in Thailand: Urban-rural and day-night perspectives,Sarbajit Paul Bappy,A random forest and SHAP-based analysis of motorcycle crash severity in Thailand: Urban-rural and day-night perspectives,"Sum, S., et al.",2025,Transportation Engineering,Thailand,Upper-middle income,Other: Thailand's Highway Accident Information Management System (HAIMS),"12,266 crashes",2020–2022,National level,Mixed,"Random Forest (RF), Logistic Regression (LR), and Decision Tree (DT)",Ensemble,Severity classification,Not reported,Yes-oversampling,Yes,Urban-rural disparity analysis,Hourly,Roadway type (Urban vs. Rural),Combined spatiotemporal,"Urban Day: 66.5% ,  Urban Night: 64.7% ,  Rural Day: 63.8% ,  Rural Night: 65.9%",Not Reported,0.419 to 0.765 (varied by scenario and severity class),0.528 to 0.706,0.347 to 0.835,Not Reported,Not Reported,Mean Absolute SHAP values (Average impact on model output magnitude),Random Forest,No,Yes,Yes,"Like Bangladesh, Thailand is an LMIC where motorcyclists are vulnerable road users and road traffic deaths are high. The study's focus on low-cost machine learning interventions for motorcycle safety is highly applicable to the Bangladeshi context.",Low risk,Low risk,Low risk,Low risk,Low risk,Reliance on reported crash data may underrepresent minor crashes.  Study period (2020–2022) coincided with COVID-19 restrictions.  Potential class imbalance affecting classification sensitivity in certain scenarios. ,Large trucks and head-on collisions are universal risk factors for severe/fatal injury across all settings.  Passenger cars and side-swipe collisions are associated with lower severity.  Visibility (lighting) is critical; dark areas without electric lighting in rural nighttime strongly correlate with severe outcomes.  Context-specific risks include U-turns in daytime and parked vehicle collisions in urban nighttime. ,,,,,,,,,,
42,Sum 2025,A random forest and SHAP-based analysis of motorcycle crash severity in Thailand: Urban-rural and day-night perspectives,Consensus,A random forest and SHAP-based analysis of motorcycle crash severity in Thailand: Urban-rural and day-night perspectives,"Sum, S., et al.",2025,Transportation Engineering,Thailand,Upper-middle income,Other: Thailand's Highway Accident Information Management System (HAIMS),"12,266 crashes",2020–2022,National level,Mixed,"Random Forest (RF), Logistic Regression (LR), and Decision Tree (DT)",Ensemble,Severity classification,Not reported,Yes-oversampling,Yes,Urban-rural disparity analysis,Hourly,Roadway type (Urban vs. Rural),Combined spatiotemporal,"Urban Day: 66.5% ,  Urban Night: 64.7% ,  Rural Day: 63.8% ,  Rural Night: 65.9%",Not Reported,0.419 to 0.765 (varied by scenario and severity class),0.528 to 0.706,0.347 to 0.835,Not Reported,Not Reported,Mean Absolute SHAP values (Average impact on model output magnitude),Random Forest,No,Yes,Yes,"Like Bangladesh, Thailand is an LMIC where motorcyclists are vulnerable road users and road traffic deaths are high. The study's focus on low-cost machine learning interventions for motorcycle safety is highly applicable to the Bangladeshi context.",Low risk,Low risk,Low risk,Low risk,Low risk,Reliance on reported crash data may underrepresent minor crashes.  Study period (2020–2022) coincided with COVID-19 restrictions.  Potential class imbalance affecting classification sensitivity in certain scenarios. ,Large trucks and head-on collisions are universal risk factors for severe/fatal injury across all settings.  Passenger cars and side-swipe collisions are associated with lower severity.  Visibility (lighting) is critical; dark areas without electric lighting in rural nighttime strongly correlate with severe outcomes.  Context-specific risks include U-turns in daytime and parked vehicle collisions in urban nighttime. ,,,,,,,,,,
39,Emmanuel 2025,Landmark-Aware Heterogeneous Graph Framework for Multi-Source Road Crash Data Integration in Nigeria,Sarbajit Paul Bappy,Landmark-Aware Heterogeneous Graph Framework for Multi-Source Road Crash Data Integration in Nigeria,E. O. Olaniyi et al.,2025,NIPES - Journal of Science and Technology Research,Nigeria,Lower-middle income,Mixed sources,559 crash,Not Reported,National level,Not specified,Heterogeneous Graph Model,Deep learning,Mixed,Not reported,Not reported,Not reported,Landmark-aware integration using OpenStreetMap geospatial nodes.,Not specified,Landmarks and road crash locations,Combined spatiotemporal,Not Reported,Not Reported,Not Reported,Not Reported,Not Reported,Not Reported,Not Reported,Not Reported,The proposed landmark-aware heterogeneous graph framework is presented as a novel solution for holistic forecasting in developing nations.,No,Yes,Yes,"The framework's focus on integrating multi-source data (official records + crowdsourced maps) is highly relevant for Bangladesh, where official accident data may benefit from enrichment with geospatial landmarks to improve prediction accuracy.",Low risk,Low risk,Low risk,Low risk,Low risk,Not Reported,"The study developed a novel landmark-aware heterogeneous graph framework to integrate multi-source road crash data in Nigeria. By combining official crash records with geospatial data, the model effectively characterizes the complex relationships necessary for accurate forecasting in developing nations.",,,,,,,,,,
39,Emmanuel 2025,Landmark-Aware Heterogeneous Graph Framework for Multi-Source Road Crash Data Integration in Nigeria,Consensus,Landmark-Aware Heterogeneous Graph Framework for Multi-Source Road Crash Data Integration in Nigeria,E. O. Olaniyi et al.,2025,NIPES - Journal of Science and Technology Research,Nigeria,Lower-middle income,Mixed sources,559 crash,Not Reported,National level,Not specified,Heterogeneous Graph Model,Deep learning,Mixed,Not reported,Not reported,Not reported,Landmark-aware integration using OpenStreetMap geospatial nodes.,Not specified,Landmarks and road crash locations,Combined spatiotemporal,Not Reported,Not Reported,Not Reported,Not Reported,Not Reported,Not Reported,Not Reported,Not Reported,The proposed landmark-aware heterogeneous graph framework is presented as a novel solution for holistic forecasting in developing nations.,No,Yes,Yes,"The framework's focus on integrating multi-source data (official records + crowdsourced maps) is highly relevant for Bangladesh, where official accident data may benefit from enrichment with geospatial landmarks to improve prediction accuracy.",Low risk,Low risk,Low risk,Low risk,Low risk,Not Reported,"The study developed a novel landmark-aware heterogeneous graph framework to integrate multi-source road crash data in Nigeria. By combining official crash records with geospatial data, the model effectively characterizes the complex relationships necessary for accurate forecasting in developing nations.",,,,,,,,,,
37,Reyes 2025,"Data-Driven Urban Traffic Injury Profiling Using Machine Learning and Spatiotemporal Analytics in Muntinlupa City, Philippines",Sarbajit Paul Bappy,"Data-Driven Urban Traffic Injury Profiling Using 
Machine Learning and Spatiotemporal Analytics in Muntinlupa City, Philippines","M. J. R., et al.",2025,2025 International Seminar on Application for Technology of Information and Communication (iSemantic) / IEEE,Philippines,Lower-middle income,Police records,Not Reported,January 2021 to December 2023,City level,Urban,"Logistic Regression, Decision Tree, Support Vector Machine (SVM), and Naïve Bayes; Association Rule Mining (Eclat, Apriori, FP-Growth)",Traditional ML,Severity classification,Not reported,Yes-SMOTE,No,Hotspot mapping and barangay-level spatial trend visualization,Hourly,Barangay level,Combined spatiotemporal,96.74% (Naïve Bayes),1.0 (Naïve Bayes),94.69% (Naïve Bayes),89.92% (Naïve Bayes),100% (Naïve Bayes),Not Reported,Not Reported,"Support (0.2229), Confidence (0.3356 - 0.4722), and Lift (0.7108) for Association Rule Mining","Naïve Bayes (due to balance of accuracy, 100% recall, and zero false negatives)",No,Yes,Yes,"The study addresses challenges common in the Philippines and other LMICs, such as high motorcycle involvement, data fragmentation, and the need for low-cost, open-source analytics frameworks.",Low risk,Low risk,Low risk,Low risk,High risk,"Exclusion of road conditions, lighting, weather, and driver demographics; binary classification only (no severity gradients); and potential for overstated accuracy."," * Motorcycles are the most injury-prone vehicle type.  Injury hotspots are concentrated in high-traffic barangays (Alabang, Putatan, Tunasan) and morning rush hours.  Naïve Bayes is an effective classifier for injury risk due to zero false negatives (100% recall).  Strong co-occurrence between motorcycles and cars in incidents, but statistical association (lift) is weak. ",,,,,,,,,,
37,Reyes 2025,"Data-Driven Urban Traffic Injury Profiling Using Machine Learning and Spatiotemporal Analytics in Muntinlupa City, Philippines",Consensus,"Data-Driven Urban Traffic Injury Profiling Using 
Machine Learning and Spatiotemporal Analytics in Muntinlupa City, Philippines","M. J. R., et al.",2025,2025 International Seminar on Application for Technology of Information and Communication (iSemantic) / IEEE,Philippines,Lower-middle income,Police records,Not Reported,January 2021 to December 2023,City level,Urban,"Logistic Regression, Decision Tree, Support Vector Machine (SVM), and Naïve Bayes; Association Rule Mining (Eclat, Apriori, FP-Growth)",Traditional ML,Severity classification,Not reported,Yes-SMOTE,No,Hotspot mapping and barangay-level spatial trend visualization,Hourly,Barangay level,Combined spatiotemporal,96.74% (Naïve Bayes),1.0 (Naïve Bayes),94.69% (Naïve Bayes),89.92% (Naïve Bayes),100% (Naïve Bayes),Not Reported,Not Reported,"Support (0.2229), Confidence (0.3356 - 0.4722), and Lift (0.7108) for Association Rule Mining","Naïve Bayes (due to balance of accuracy, 100% recall, and zero false negatives)",No,Yes,Yes,"The study addresses challenges common in the Philippines and other LMICs, such as high motorcycle involvement, data fragmentation, and the need for low-cost, open-source analytics frameworks.",Low risk,Low risk,Low risk,Low risk,High risk,"Exclusion of road conditions, lighting, weather, and driver demographics; binary classification only (no severity gradients); and potential for overstated accuracy."," * Motorcycles are the most injury-prone vehicle type.  Injury hotspots are concentrated in high-traffic barangays (Alabang, Putatan, Tunasan) and morning rush hours.  Naïve Bayes is an effective classifier for injury risk due to zero false negatives (100% recall).  Strong co-occurrence between motorcycles and cars in incidents, but statistical association (lift) is weak. ",,,,,,,,,,
27,Keote 2025,Hybrid Deep Learning for Accident Detection with an Android-Based Alert System,Sarbajit Paul Bappy,"Hybrid Deep Learning for Accident Detection with
an Android-Based Alert System",Vedant Keote et al,2025,Proceedings of the International Conference on Emerging Techniques in Computational Intelligence (ICETCI),India,Lower-middle income,Other: Visual source (Live surveillance video feeds and standard traffic crash video clips),Not Reported,Not Reported,National level,Urban,Hybrid architecture combining a Video Vision Transformer (ViViT) with a Bidirectional Long Short-Term Memory (Bi-LSTM) network.,Deep learning,Accident occurrence prediction,Not reported,Yes-SMOTE,Yes,ViViT self-attention mechanisms to extract detailed spatial pixel layouts and object relationships from video frames.,Not specified,Camera field of view / Ego-perspective video scene,Combined spatiotemporal,Evaluated through computerized vision metrics to ensure reliable deployment.,Not Reported,Not Reported,Not Reported,Not Reported,Not Reported,Not Reported,Processing latency / response speed (optimized to support automated real-time alerts).,The combined ViViT + Bi-LSTM hybrid deep learning model.,No,Yes,Yes,"This framework is highly transferable to the dense urban intersections of Bangladesh, where deploying low-latency automated computer vision models onto existing surveillance feeds can dramatically cut emergency alert times without requiring new physical infrastructure.",Low risk,Low risk,Low risk,Low risk,Low risk,Distinguishing highly subtle visual variations between a narrow near-miss event and an actual low-impact collision requires substantial temporal context.,"The study introduced an end-to-end accident response pipeline linking a ViViT and Bi-LSTM model to an automated Android-based alert application. By successfully extracting multi-layered spatiotemporal signatures, the hybrid framework significantly curbs false alarms caused by non-critical anomalies, paving the way for faster ambulance dispatch and proactive medical support.",,,,,,,,,,
27,Keote 2025,Hybrid Deep Learning for Accident Detection with an Android-Based Alert System,Consensus,"Hybrid Deep Learning for Accident Detection with
an Android-Based Alert System",Vedant Keote et al,2025,Proceedings of the International Conference on Emerging Techniques in Computational Intelligence (ICETCI),India,Lower-middle income,Other: Visual source (Live surveillance video feeds and standard traffic crash video clips),Not Reported,Not Reported,National level,Urban,Hybrid architecture combining a Video Vision Transformer (ViViT) with a Bidirectional Long Short-Term Memory (Bi-LSTM) network.,Deep learning,Accident occurrence prediction,Not reported,Yes-SMOTE,Yes,ViViT self-attention mechanisms to extract detailed spatial pixel layouts and object relationships from video frames.,Not specified,Camera field of view / Ego-perspective video scene,Combined spatiotemporal,Evaluated through computerized vision metrics to ensure reliable deployment.,Not Reported,Not Reported,Not Reported,Not Reported,Not Reported,Not Reported,Processing latency / response speed (optimized to support automated real-time alerts).,The combined ViViT + Bi-LSTM hybrid deep learning model.,No,Yes,Yes,"This framework is highly transferable to the dense urban intersections of Bangladesh, where deploying low-latency automated computer vision models onto existing surveillance feeds can dramatically cut emergency alert times without requiring new physical infrastructure.",Low risk,Low risk,Low risk,Low risk,Low risk,Distinguishing highly subtle visual variations between a narrow near-miss event and an actual low-impact collision requires substantial temporal context.,"The study introduced an end-to-end accident response pipeline linking a ViViT and Bi-LSTM model to an automated Android-based alert application. By successfully extracting multi-layered spatiotemporal signatures, the hybrid framework significantly curbs false alarms caused by non-critical anomalies, paving the way for faster ambulance dispatch and proactive medical support.",,,,,,,,,,
25,Ashraf 2025,"Exploring hotspots of traffic accidents in Chiniot-Sargodha Road, Punjab, Pakistan",Sarbajit Paul Bappy,"Exploring hotspots of traffic accidents in Chiniot-Sargodha Road, Punjab, Pakistan",T. Ashraf et al,2025,"Environment, Development and Sustainability",Pakistan,Lower-middle income,Mixed sources,"Not explicitly stated in the snippet, but covers all recorded RTAs on the specific road segment.",2012 to 2021,Regional level,Mixed,Not primarily ML-focused; utilizes spatial and statistical techniques.,Other: Spatial Statistics,Hotspot identification,Not reported,Not reported,Not reported,"Kernel Density Estimation (KDE), Standard Deviational Ellipse (SDE), and Average Nearest Neighbor (ANN).",Annual,Road segment/point locations,Combined spatiotemporal,Not applicable (Statistical significance of clusters is the focus).,Not Reported,Not Reported,Not Reported,Not Reported,Not Reported,Not Reported,Z-score and p-values (standard for ANN and KDE cluster significance).,The integration of KDE with GIS tools provided the primary visualization of hotspots.,No,Yes,Yes,Findings regarding the correlation between RTAs and inadequate infrastructure in a similar LMIC setting are highly relevant for road safety planning in Bangladesh.,Low risk,Low risk,Low risk,Low risk,Low risk,Not explicitly detailed in the abstract/snippet.,"RTAs on the Chiniot-Sargodha Road show significant spatial clustering. These hotspots are strongly associated with specific demographic, infrastructural, and environmental factors, suggesting that targeted management is needed at these high-risk locations.",,,,,,,,,,
25,Ashraf 2025,"Exploring hotspots of traffic accidents in Chiniot-Sargodha Road, Punjab, Pakistan",Consensus,"Exploring hotspots of traffic accidents in Chiniot-Sargodha Road, Punjab, Pakistan",T. Ashraf et al,2025,"Environment, Development and Sustainability",Pakistan,Lower-middle income,Mixed sources,"Not explicitly stated in the snippet, but covers all recorded RTAs on the specific road segment.",2012 to 2021,Regional level,Mixed,Not primarily ML-focused; utilizes spatial and statistical techniques.,Other: Spatial Statistics,Hotspot identification,Not reported,Not reported,Not reported,"Kernel Density Estimation (KDE), Standard Deviational Ellipse (SDE), and Average Nearest Neighbor (ANN).",Annual,Road segment/point locations,Combined spatiotemporal,Not applicable (Statistical significance of clusters is the focus).,Not Reported,Not Reported,Not Reported,Not Reported,Not Reported,Not Reported,Z-score and p-values (standard for ANN and KDE cluster significance).,The integration of KDE with GIS tools provided the primary visualization of hotspots.,No,Yes,Yes,Findings regarding the correlation between RTAs and inadequate infrastructure in a similar LMIC setting are highly relevant for road safety planning in Bangladesh.,Low risk,Low risk,Low risk,Low risk,Low risk,Not explicitly detailed in the abstract/snippet.,"RTAs on the Chiniot-Sargodha Road show significant spatial clustering. These hotspots are strongly associated with specific demographic, infrastructural, and environmental factors, suggesting that targeted management is needed at these high-risk locations.",,,,,,,,,,
23,Patil 2021,Road Accident Analysis and Hotspot Prediction using Clustering,Sarbajit Paul Bappy,Road Accident Analysis and Hotspot Prediction using Clustering,Patil et al.,2021,Proceedings of the 6th International Conference on Communication and Electronics Systems (ICCES-2021),India,Lower-middle income,Mixed sources,"207,617 records",Includes data from early 2018,National level,Mixed,k-means clustering,Traditional ML,Hotspot identification,Fixed split,Not reported,Yes,k-means clustering based on geographic coordinates,Hourly,Coordinates (Latitude and Longitude),Combined spatiotemporal,81%,Not Reported,Not Reported,Not Reported,Not Reported,Not Reported,Not Reported,Not Reported,k-means clustering (as it was the primary algorithm analyzed),No,Yes,Yes,"The study addresses infrastructure issues common in LMICs, such as potholes, sharp turns, and poor road conditions, which are directly relevant to the road safety context in Bangladesh.",,,,,,Unsupervised learning can be more unpredictable compared to other methods,"The study identified that overspeeding is more prevalent at night, and accident severity is higher on highways than on normal roads, primarily due to drink-driving and overspeeding. The model successfully maps these risks into red-pinned hotspots to alert users in real-time.",,,,,,,,,,
23,Patil 2021,Road Accident Analysis and Hotspot Prediction using Clustering,Consensus,Road Accident Analysis and Hotspot Prediction using Clustering,Patil et al.,2021,Proceedings of the 6th International Conference on Communication and Electronics Systems (ICCES-2021),India,Lower-middle income,Mixed sources,"207,617 records",Includes data from early 2018,National level,Mixed,k-means clustering,Traditional ML,Hotspot identification,Fixed split,Not reported,Yes,k-means clustering based on geographic coordinates,Hourly,Coordinates (Latitude and Longitude),Combined spatiotemporal,81%,Not Reported,Not Reported,Not Reported,Not Reported,Not Reported,Not Reported,Not Reported,k-means clustering (as it was the primary algorithm analyzed),No,Yes,Yes,"The study addresses infrastructure issues common in LMICs, such as potholes, sharp turns, and poor road conditions, which are directly relevant to the road safety context in Bangladesh.",Other: ,Other: ,Other: ,Other: ,,Unsupervised learning can be more unpredictable compared to other methods,"The study identified that overspeeding is more prevalent at night, and accident severity is higher on highways than on normal roads, primarily due to drink-driving and overspeeding. The model successfully maps these risks into red-pinned hotspots to alert users in real-time.",,,,,,,,,,
22,Ouni 2025,Towards a Spatially Intelligent Approach for Road Safety Analysis in Tunisia: Spatial Autocorrelation Approach vs Crash Count Models,Sarbajit Paul Bappy,Towards a spatially intelligent approach for road safety analysis in Tunisia: spatial autocorrelation approach vs crash count models,Ouni et al.,2025,6th International Conference on Logistics and Supply Chain Management (LOGISTIQUA),Tunisia,Lower-middle income,Mixed sources,"1,432 traffic accidents","January 1, 2020, to December 31, 2024",District level,Mixed,Poisson regression and Negative Binomial (NB) models,Traditional ML,Accident occurrence prediction,Not reported,Not reported,Not reported,Spatial autocorrelation using Global Moran Index and Local Indicator of Spatial Association (LISA/Local Moran Index),Annual,Road segment level (1-km segments),Spatial only,Not Reported,Not Reported,Not Reported,Not Reported,Not Reported,Not Reported,Not Reported,"Log-Likelihood: -1095.935 (Poisson), -1074.06 (NB)   AIC: 4.775 (Poisson), 5215 (NB)   BIC: -362.740 (Poisson), -495.175 (NB)",Negative Binomial (NB) model (due to better handling of data overdispersion),No,Yes,Yes,"Like Bangladesh, the study identifies that human factors (speeding, priority violations) and infrastructure deficiencies are primary drivers of accidents in a developing country context. The prevalence of motorcycle-related hotspots is also highly applicable to the Bangladeshi context.",,,,,,"Models do not fully account for dynamic temporal variations,  Lack of real-time traffic data integration,   Socioeconomic variables were not incorporated into the study","The study successfully mapped hazardous road locations (HRLs) in Sousse using spatial autocorrelation, identifying significant clustering along specific highways. The Negative Binomial model was superior for frequency prediction. Major accident determinants included human behaviors (speeding, alcohol, priority failure), vehicle defects (tires, lights), and poor road surface conditions.",,,,,,,,,,
22,Ouni 2025,Towards a Spatially Intelligent Approach for Road Safety Analysis in Tunisia: Spatial Autocorrelation Approach vs Crash Count Models,Consensus,Towards a spatially intelligent approach for road safety analysis in Tunisia: spatial autocorrelation approach vs crash count models,Ouni et al.,2025,6th International Conference on Logistics and Supply Chain Management (LOGISTIQUA),Tunisia,Lower-middle income,Mixed sources,"1,432 traffic accidents","January 1, 2020, to December 31, 2024",District level,Mixed,Poisson regression and Negative Binomial (NB) models,Traditional ML,Accident occurrence prediction,Not reported,Not reported,Not reported,Spatial autocorrelation using Global Moran Index and Local Indicator of Spatial Association (LISA/Local Moran Index),Annual,Road segment level (1-km segments),Spatial only,Not Reported,Not Reported,Not Reported,Not Reported,Not Reported,Not Reported,Not Reported,"Log-Likelihood: -1095.935 (Poisson), -1074.06 (NB)   AIC: 4.775 (Poisson), 5215 (NB)   BIC: -362.740 (Poisson), -495.175 (NB)",Negative Binomial (NB) model (due to better handling of data overdispersion),No,Yes,Yes,"Like Bangladesh, the study identifies that human factors (speeding, priority violations) and infrastructure deficiencies are primary drivers of accidents in a developing country context. The prevalence of motorcycle-related hotspots is also highly applicable to the Bangladeshi context.",,,,,,"Models do not fully account for dynamic temporal variations,  Lack of real-time traffic data integration,   Socioeconomic variables were not incorporated into the study","The study successfully mapped hazardous road locations (HRLs) in Sousse using spatial autocorrelation, identifying significant clustering along specific highways. The Negative Binomial model was superior for frequency prediction. Major accident determinants included human behaviors (speeding, alcohol, priority failure), vehicle defects (tires, lights), and poor road surface conditions.",,,,,,,,,,
20,Kour 2026,Exploring Spatiotemporal Relational Learning With TimeSformer for Identifying the Severity of the Road Accidents,Sarbajit Paul Bappy,Exploring Spatiotemporal Relational Learning With TimeSformer for Identifying the Severity of the Road Accidents,G. Girish et al,2026,IEEE Access,India,Lower-middle income,Other: Visual source (Video clip datasets: CADP (Car Accident Detection and Prediction) dataset and a custom-curated YouTube video dataset),"1,500 video clips",Not Reported,National level,Mixed,"TimeSformer (Time Space Transformer), compared against CNN-LSTM, 3D-CNN (C3D), and Vision Transformer (ViT) baselines",Deep learning,Severity classification,Fixed split,Yes-undersampling,Yes,"Divided Space-Time Attention (isolated spatial attention blocks) to capture precise frame-level entity layouts, vehicle positioning, and impact geometries",Not specified,Camera field of view / Traffic scene video frame,Combined spatiotemporal,89.67%,No,Yes (89.50%),Yes (89.42%),Yes (89.67%),No,No,Computational execution time (Inference speed achieved was approximately 28 frames per second),TimeSformer model (specifically utilizing the Divided Space-Time Attention configuration),No,Yes,Yes,"This vision-transformer approach is highly valuable for processing video feeds from urban intersections and highways in Bangladesh. By directly analyzing raw traffic video to classify accident severity into clear structural classes, it provides a blueprint for deploying proactive emergency alert pipelines without relying heavily on text-based historic reporting systems.",Low risk,Low risk,Low risk,Low risk,Low risk,"Performance can drop under heavily constrained environmental scenes, such as dense night environments, low illumination fields, or extreme weather conditions (e.g., heavy rain or fog) where object boundary pixels become distorted.","The study demonstrates that the TimeSformer framework achieves superior accuracy in classifying road accident severity by utilizing factorized spatiotemporal attention. The model successfully captures long-range temporal dynamics and subtle spatial deformations across video frames, vastly outperforming traditional CNN-LSTM and 3D-CNN methods while maintaining low inference latency for real-time traffic monitoring systems.",,,,,,,,,,
20,Kour 2026,Exploring Spatiotemporal Relational Learning With TimeSformer for Identifying the Severity of the Road Accidents,Consensus,Exploring Spatiotemporal Relational Learning With TimeSformer for Identifying the Severity of the Road Accidents,G. Girish et al,2026,IEEE Access,India,Lower-middle income,Other: Visual source (Video clip datasets: CADP (Car Accident Detection and Prediction) dataset and a custom-curated YouTube video dataset),"1,500 video clips",Not Reported,National level,Mixed,"TimeSformer (Time Space Transformer), compared against CNN-LSTM, 3D-CNN (C3D), and Vision Transformer (ViT) baselines",Deep learning,Severity classification,Fixed split,Yes-undersampling,Yes,"Divided Space-Time Attention (isolated spatial attention blocks) to capture precise frame-level entity layouts, vehicle positioning, and impact geometries",Not specified,Camera field of view / Traffic scene video frame,Combined spatiotemporal,89.67%,No,Yes (89.50%),Yes (89.42%),Yes (89.67%),No,No,Computational execution time (Inference speed achieved was approximately 28 frames per second),TimeSformer model (specifically utilizing the Divided Space-Time Attention configuration),No,Yes,Yes,"This vision-transformer approach is highly valuable for processing video feeds from urban intersections and highways in Bangladesh. By directly analyzing raw traffic video to classify accident severity into clear structural classes, it provides a blueprint for deploying proactive emergency alert pipelines without relying heavily on text-based historic reporting systems.",Low risk,Low risk,Low risk,Low risk,Low risk,"Performance can drop under heavily constrained environmental scenes, such as dense night environments, low illumination fields, or extreme weather conditions (e.g., heavy rain or fog) where object boundary pixels become distorted.","The study demonstrates that the TimeSformer framework achieves superior accuracy in classifying road accident severity by utilizing factorized spatiotemporal attention. The model successfully captures long-range temporal dynamics and subtle spatial deformations across video frames, vastly outperforming traditional CNN-LSTM and 3D-CNN methods while maintaining low inference latency for real-time traffic monitoring systems.",,,,,,,,,,
19,Alnowaiser 2025,A Computational Intelligence GNN–LSTM Framework for Spatiotemporal Prediction of Traffic Accident Severity in Smart Cities Using SHAP XAI,Sarbajit Paul Bappy,"A Computational Intelligence GNN–LSTM Framework for
Spatiotemporal Prediction of Traffic Accident Severity in
Smart Cities Using SHAP XAI",Khaled Alnowaiser et al,2025,International Journal of Computational Intelligence Systems (Int J Comput Intell Syst).,United States,High income,Other: Publicly available datasets from Kaggle.,"Approximately 2.8 million records (main US dataset); 1.8 million (UK validation); 12,316 (Ethiopia validation).",February 2016 to March 2023.,National level,Mixed,"Proposed: RASPNet (GNN + LSTM + MLP hybrid).  Baselines: Random Forest (RF), AdaBoost (AB), K-Nearest Neighbor (KNN), Gradient Boosting Machine (GBM), Support Vector Machine (SVM), Decision Tree (DT), Logistic Regression (LR), Extra Trees Classifier (ETC), Stochastic Gradient Descent (SGD), Gaussian Naïve Bayes (GNB), CNN, LSTM, MLP, and GRU. ",Deep learning,Severity classification,k-fold cross validation,Yes-SMOTE,Yes,"Graph Neural Network (GNN) modeling the road network as a directed graph $G=(V,E)$.",Hourly,Road segments and intersections.,Combined spatiotemporal,99.97% (Proposed RASPNet).,99.94%.,99.99%.,99.99%.,99.99%.,Not Reported,Not Reported,Cohen's Kappa (99.20%).,Proposed RASPNet (GNN-LSTM-MLP hybrid).,No,No,Yes,Not Reported,Low risk,Low risk,Low risk,Low risk,Low risk,Computational cost is higher than standalone models (11% higher training cost) ; performance on subjective subjective accident labeling (slight vs. serious classes).,"Integrating spatial dependencies (GNN) and temporal dynamics (LSTM) significantly improves prediction accuracy over traditional ML. SHAP analysis identified Year, Month, and Day_Hour as dominant predictive factors.",,,,,,,,,,
19,Alnowaiser 2025,A Computational Intelligence GNN–LSTM Framework for Spatiotemporal Prediction of Traffic Accident Severity in Smart Cities Using SHAP XAI,Consensus,"A Computational Intelligence GNN–LSTM Framework for
Spatiotemporal Prediction of Traffic Accident Severity in
Smart Cities Using SHAP XAI",Khaled Alnowaiser et al,2025,International Journal of Computational Intelligence Systems (Int J Comput Intell Syst).,United States,High income,Other: Publicly available datasets from Kaggle.,"Approximately 2.8 million records (main US dataset); 1.8 million (UK validation); 12,316 (Ethiopia validation).",February 2016 to March 2023.,National level,Mixed,"Proposed: RASPNet (GNN + LSTM + MLP hybrid).  Baselines: Random Forest (RF), AdaBoost (AB), K-Nearest Neighbor (KNN), Gradient Boosting Machine (GBM), Support Vector Machine (SVM), Decision Tree (DT), Logistic Regression (LR), Extra Trees Classifier (ETC), Stochastic Gradient Descent (SGD), Gaussian Naïve Bayes (GNB), CNN, LSTM, MLP, and GRU. ",Deep learning,Severity classification,k-fold cross validation,Yes-SMOTE,Yes,"Graph Neural Network (GNN) modeling the road network as a directed graph $G=(V,E)$.",Hourly,Road segments and intersections.,Combined spatiotemporal,99.97% (Proposed RASPNet).,99.94%.,99.99%.,99.99%.,99.99%.,Not Reported,Not Reported,Cohen's Kappa (99.20%).,Proposed RASPNet (GNN-LSTM-MLP hybrid).,No,No,Yes,Not Reported,Low risk,Low risk,Low risk,Low risk,Low risk,Computational cost is higher than standalone models (11% higher training cost) ; performance on subjective subjective accident labeling (slight vs. serious classes).,"Integrating spatial dependencies (GNN) and temporal dynamics (LSTM) significantly improves prediction accuracy over traditional ML. SHAP analysis identified Year, Month, and Day_Hour as dominant predictive factors.",,,,,,,,,,
18,Fetene 2026,"Temporal trends and forecasting of road traffic crashes in Amhara region, Ethiopia: a time series approach",Sarbajit Paul Bappy,"Temporal trends and forecasting of road traffic 
crashes in Amhara region, Ethiopia: a time 
series approach",Tilahun Fetene et al.,2026,Discover Applied Sciences,Ethiopia,Low income,Other: Official government records (Amhara National Regional State Police Commission),"17,214 total crashes",July 2013 to June 2023,Regional level,Mixed,Seasonal Autoregressive Integrated Moving Average (SARIMA).,Traditional ML,Temporal risk prediction,Time-based split,Not reported,Yes,Regional trend evaluation across the Amhara territory.,Monthly,Regional administrative level,Temporal only,Evaluated through error metrics,Not Reported,Not Reported,Not Reported,Not Reported,Yes,Yes,MAPE (Mean Absolute Percentage Error) and Normalized BIC.,"SARIMA (Specifically the SARIMA(0,1,1)(0,1,1)12 model).",No,Yes,Yes,The application of time-series forecasting to manage regional road safety in Ethiopia is directly applicable to similar administrative regional planning in Bangladesh.,Low risk,Low risk,Low risk,Low risk,Low risk,"The study relied on historical data which may not account for sudden, unmodeled shifts in traffic policy or infrastructure.","The study identified an increasing trend in road traffic crashes in the Amhara region. The SARIMA model proved to be a robust tool for forecasting these trends, providing a proactive basis for regional traffic management and safety intervention planning.",,,,,,,,,,
18,Fetene 2026,"Temporal trends and forecasting of road traffic crashes in Amhara region, Ethiopia: a time series approach",Consensus,"Temporal trends and forecasting of road traffic 
crashes in Amhara region, Ethiopia: a time 
series approach",Tilahun Fetene et al.,2026,Discover Applied Sciences,Ethiopia,Low income,Other: Official government records (Amhara National Regional State Police Commission),"17,214 total crashes",July 2013 to June 2023,Regional level,Mixed,Seasonal Autoregressive Integrated Moving Average (SARIMA).,Traditional ML,Temporal risk prediction,Time-based split,Not reported,Yes,Regional trend evaluation across the Amhara territory.,Monthly,Regional administrative level,Temporal only,Evaluated through error metrics,Not Reported,Not Reported,Not Reported,Not Reported,Yes,Yes,MAPE (Mean Absolute Percentage Error) and Normalized BIC.,"SARIMA (Specifically the SARIMA(0,1,1)(0,1,1)12 model).",No,Yes,Yes,The application of time-series forecasting to manage regional road safety in Ethiopia is directly applicable to similar administrative regional planning in Bangladesh.,Low risk,Low risk,Low risk,Low risk,Low risk,"The study relied on historical data which may not account for sudden, unmodeled shifts in traffic policy or infrastructure.","The study identified an increasing trend in road traffic crashes in the Amhara region. The SARIMA model proved to be a robust tool for forecasting these trends, providing a proactive basis for regional traffic management and safety intervention planning.",,,,,,,,,,
17,Jayanthi 2021,Geographic Information Systems and Confidence Interval with Deep Learning Techniques for Traffic Management Systems in Smart Cities,Sarbajit Paul Bappy,Geographic Information Systems and Confidence Interval with Deep Learning Techniques for Traffic Management Systems in Smart Cities,Prisilla Jayanthi,2022,Not explicitly named in the snippet; part of a book or collection (DOI: 10.1002/9781119682806ch11),India,Lower-middle income,Mixed sources,Not Reported,Not Reported,City level,Urban,Deep Learning techniques,Deep learning,Mixed,Not reported,Not reported,Not reported,Geographic Information Systems (GIS),Not specified,Smart city road networks,Combined spatiotemporal,Evaluated through Deep Learning techniques and Confidence Intervals,Not Reported,Not Reported,Not Reported,Not Reported,Not Reported,Not Reported,Confidence Intervals,Not Reported,No,Yes,Partially,"The integration of IoT, ICT, and GIS to manage traffic congestion and safety is highly relevant for the development of smart infrastructure in urban areas of Bangladesh.",Low risk,Low risk,Low risk,Low risk,Low risk,Not Reported,"The study highlights the role of GIS and deep learning in enhancing traffic management for smart cities. It specifically examines how various factors like environmental conditions and human behavior contribute to accidents, providing a framework for intelligent traffic control systems.",,,,,,,,,,
17,Jayanthi 2021,Geographic Information Systems and Confidence Interval with Deep Learning Techniques for Traffic Management Systems in Smart Cities,Consensus,Geographic Information Systems and Confidence Interval with Deep Learning Techniques for Traffic Management Systems in Smart Cities,Prisilla Jayanthi,2022,Not explicitly named in the snippet; part of a book or collection (DOI: 10.1002/9781119682806ch11),India,Lower-middle income,Mixed sources,Not Reported,Not Reported,City level,Urban,Deep Learning techniques,Deep learning,Mixed,Not reported,Not reported,Not reported,Geographic Information Systems (GIS),Not specified,Smart city road networks,Combined spatiotemporal,Evaluated through Deep Learning techniques and Confidence Intervals,Not Reported,Not Reported,Not Reported,Not Reported,Not Reported,Not Reported,Confidence Intervals,Not Reported,No,Yes,Partially,"The integration of IoT, ICT, and GIS to manage traffic congestion and safety is highly relevant for the development of smart infrastructure in urban areas of Bangladesh.",Low risk,Low risk,Low risk,Low risk,Low risk,Not Reported,"The study highlights the role of GIS and deep learning in enhancing traffic management for smart cities. It specifically examines how various factors like environmental conditions and human behavior contribute to accidents, providing a framework for intelligent traffic control systems.",,,,,,,,,,
16,Pusuluri 2024,Applications of QGIS and machine learning for road crash spot identification,Sarbajit Paul Bappy,Applications of QGIS and machine learning for road crash spot identification,Pusuluri et al.,2024,Earth Science Informatics,India (Visakhapatnam),Lower-middle income,Police records,"22,311 traffic accidents",2014–2021,City level,Urban,DBSCAN (Density-Based Spatial Clustering of Applications with Noise),Traditional ML,Hotspot identification,Not reported,No,Yes,Density-based spatial clustering (DBSCAN) and Kernel Density Estimation (KDE),Annual,Police Station Jurisdiction (PSJ) and latitude/longitude coordinates,Spatial only,Not Reported,Not Reported,Not Reported,Not Reported,Not Reported,Not Reported,Not Reported,Weighted Severity Index (WSI) was used to identify hazardous jurisdictions (threshold > 600),DBSCAN,No,Yes,Partially,"The study focuses on challenges common in Bangladesh, such as high population density, rapid urbanization, multimodal traffic (slow and fast-moving), and the vulnerability of low-income road users.",Low risk,Low risk,Low risk,Low risk,Low risk,"Inconsistency in recording latitude/longitude in police reports ,  Land use maps are only updated every twenty years, making quantification of recent changes difficult   Implementation of master plans is often obscured by political or cultural factors ",The study identified seven major black spots on National Highway 16 in Visakhapatnam using a combination of WSI and DBSCAN. It found that fatalities are concentrated in areas with intensive land use changes and highlighted that pedestrian fatalities are high due to lack of safe crossing infrastructure on highways.,,,,,,,,,,
16,Pusuluri 2024,Applications of QGIS and machine learning for road crash spot identification,Consensus,Applications of QGIS and machine learning for road crash spot identification,Pusuluri et al.,2024,Earth Science Informatics,India (Visakhapatnam),Lower-middle income,Police records,"22,311 traffic accidents",2014–2021,City level,Urban,DBSCAN (Density-Based Spatial Clustering of Applications with Noise),Traditional ML,Hotspot identification,Not reported,No,Yes,Density-based spatial clustering (DBSCAN) and Kernel Density Estimation (KDE),Annual,Police Station Jurisdiction (PSJ) and latitude/longitude coordinates,Spatial only,Not Reported,Not Reported,Not Reported,Not Reported,Not Reported,Not Reported,Not Reported,Weighted Severity Index (WSI) was used to identify hazardous jurisdictions (threshold > 600),DBSCAN,No,Yes,Partially,"The study focuses on challenges common in Bangladesh, such as high population density, rapid urbanization, multimodal traffic (slow and fast-moving), and the vulnerability of low-income road users.",Low risk,Low risk,Low risk,Low risk,Low risk,"Inconsistency in recording latitude/longitude in police reports ,  Land use maps are only updated every twenty years, making quantification of recent changes difficult   Implementation of master plans is often obscured by political or cultural factors ",The study identified seven major black spots on National Highway 16 in Visakhapatnam using a combination of WSI and DBSCAN. It found that fatalities are concentrated in areas with intensive land use changes and highlighted that pedestrian fatalities are high due to lack of safe crossing infrastructure on highways.,,,,,,,,,,
14,Kushwaha 2026,Modeling and Real-Time classification of driving behavior in mixed traffic: A naturalistic study using rule-Based labeling and supervised learning,Sarbajit Paul Bappy,Modeling and Real-Time classification of driving behavior in mixed traffic: A naturalistic study using rule-Based labeling and supervised learning,Ankit Kumar Kushwaha et al.,2026,Systems with Applications,India,Lower-middle income,Mixed sources,Not Reported,Not Reported,City level,Urban,"Supervised Machine Learning models, including Random Forest (RF), Support Vector Machine (SVM), and LightGBM",Traditional ML,Other: Driving behavior,Fixed split,Yes-SMOTE,Yes,Kinematic vector feature mapping derived from spatial GPS coordinates and multi-axis accelerometer/orientation telemetry streams,Not specified,Vehicle ego-trajectory segment,Combined spatiotemporal,Yes (Evaluated across multiple classifiers; ensemble methods demonstrated high classification metrics for stream profiling),No,Yes,Yes,Yes,No,No,Processing latency (optimized for real-time execution inside mobile applications),LightGBM and Random Forest ensemble frameworks achieved the optimal trade-off between profiling accuracy and minimal on-device inference delay.,No,Yes,Yes,"This methodology perfectly translates to the urban infrastructure of Bangladesh (such as Dhaka or Chittagong). Relying on low-cost, readily available smartphone telemetry rather than expensive factory-installed vehicle sensors gives local transit regulators and fleet managers an accessible blueprint for real-time risk profiling.",Low risk,Low risk,Low risk,Low risk,Low risk,"High-frequency sensor noise, sudden smartphone position shifts, or vibration artifacts from rough road textures can occasionally introduce minor telemetry anomalies and classification noise.","This research presents a robust framework that successfully pairs an automated, rule-based kinematic labeling strategy with supervised learning classifiers. It establishes that lightweight models can be reliably deployed on standard mobile devices to identify risky driving styles on the fly, offering a scaleable solution to mitigate human error in complex, mixed traffic conditions.",,,,,,,,,,
14,Kushwaha 2026,Modeling and Real-Time classification of driving behavior in mixed traffic: A naturalistic study using rule-Based labeling and supervised learning,Consensus,Modeling and Real-Time classification of driving behavior in mixed traffic: A naturalistic study using rule-Based labeling and supervised learning,Ankit Kumar Kushwaha et al.,2026,Systems with Applications,India,Lower-middle income,Mixed sources,Not Reported,Not Reported,City level,Urban,"Supervised Machine Learning models, including Random Forest (RF), Support Vector Machine (SVM), and LightGBM",Traditional ML,Other: Driving behavior,Fixed split,Yes-SMOTE,Yes,Kinematic vector feature mapping derived from spatial GPS coordinates and multi-axis accelerometer/orientation telemetry streams,Not specified,Vehicle ego-trajectory segment,Combined spatiotemporal,Yes (Evaluated across multiple classifiers; ensemble methods demonstrated high classification metrics for stream profiling),No,Yes,Yes,Yes,No,No,Processing latency (optimized for real-time execution inside mobile applications),LightGBM and Random Forest ensemble frameworks achieved the optimal trade-off between profiling accuracy and minimal on-device inference delay.,No,Yes,Yes,"This methodology perfectly translates to the urban infrastructure of Bangladesh (such as Dhaka or Chittagong). Relying on low-cost, readily available smartphone telemetry rather than expensive factory-installed vehicle sensors gives local transit regulators and fleet managers an accessible blueprint for real-time risk profiling.",Low risk,Low risk,Low risk,Low risk,Low risk,"High-frequency sensor noise, sudden smartphone position shifts, or vibration artifacts from rough road textures can occasionally introduce minor telemetry anomalies and classification noise.","This research presents a robust framework that successfully pairs an automated, rule-based kinematic labeling strategy with supervised learning classifiers. It establishes that lightweight models can be reliably deployed on standard mobile devices to identify risky driving styles on the fly, offering a scaleable solution to mitigate human error in complex, mixed traffic conditions.",,,,,,,,,,
